transectId,block,type_CT_TT,originTagNum,end5mTagNum,comments,plantID,x,y,height_Spring23,height_Fall23,width_Spring23,width_Fall23,repro_Spring23,repro_Fall23,numRep_Spring23,numRep_Fall23,notes_Spring23,notes_Fall23
transectId,block,type_CT_TT,originTagNum,end5mTagNum,comments,plantID,x,y,height_Spring23,height_Fall23,width_Spring23,width_Fall23,repro_Spring23,repro_Fall23,numRep_Spring23,numRep_Fall23,notes_Spring23,notes_Fall23
1,1,CT,1422,1454,shorten to 5 meters,1,0.07,0.1,,4.0,,7.0,,1.0,,1.0,,
1,1,CT,1422,1454,shorten to 5 meters,2,0.09,0.05,,5.0,,9.0,,0.0,,0.0,,
1,1,CT,1422,1454,shorten to 5 meters,3,0.25,0.26,,4.0,,2.0,,0.0,,0.0,,
1,1,CT,1422,1454,shorten to 5 meters,4,0.62,1.68,,4.5,,9.0,,0.0,,0.0,,
1,1,CT,1422,1454,shorten to 5 meters,5,0.63,0.2,,8.0,,10.0,,1.0,,2.0,,
1,1,CT,1422,1454,shorten to 5 meters,6,0.76,0.0,,4.0,,6.0,,0.0,,0.0,,
1,1,CT,1422,1454,shorten to 5 meters,7,0.77,0.0,,4.0,,8.0,,0.0,,0.0,,
1,1,CT,1422,1454,shorten to 5 meters,8,0.87,0.85,,3.0,,6.0,,0.0,,0.0,,
1,1,CT,1422,1454,shorten to 5 meters,9,0.92,1.09,,3.0,,6.0,,0.0,,0.0,,
Recorded By,,,,,,,,,,,,,,,,,,
Date,,,,,,,,,,,,,,,,,,
transectId,block,type_CT_TT,originTagNum,end5mTagNum,comments,plantID,x,y,height_Spring23,height_Fall23,width_Spring23,width_Fall23,repro_Spring23,repro_Fall23,numRep_Spring23,numRep_Fall23,notes_Spring23,notes_Fall23
2,1,TT,1413,1440,shorten to 5 meters,10,0.25,0.25,,2.0,,10.0,,0.0,,0.0,,
2,1,TT,1413,1440,shorten to 5 meters,11,0.25,1.25,,4.0,,10.0,,0.0,,0.0,,
2,1,TT,1413,1440,shorten to 5 meters,12,0.25,2.25,9.0,6.0,3.1,8.0,1.0,0.0,0.0,0.0,budding,"(0.35, 2.25)"
2,1,TT,1413,1440,shorten to 5 meters,13,0.25,3.25,9.0,3.0,4.1,5.0,0.0,0.0,0.0,0.0,good root dirt,
2,1,TT,1413,1440,shorten to 5 meters,14,0.25,4.25,7.5,7.0,3.1,6.0,0.0,0.0,0.0,0.0,,
2,1,TT,1413,1440,shorten to 5 meters,15,0.75,0.75,8.0,5.0,2.6,8.0,1.0,0.0,0.0,0.0,budding,
2,1,TT,1413,1440,shorten to 5 meters,16,0.75,1.75,10.5,2.0,6.9,7.0,1.0,0.0,0.0,0.0,budding,"dry, not sure if original plant"
2,1,TT,1413,1440,shorten to 5 meters,17,0.75,2.75,,3.0,,8.0,,0.0,,0.0,,
2,1,TT,1413,1440,shorten to 5 meters,18,0.75,3.75,,4.0,,10.0,,0.0,,0.0,,
2,1,TT,1413,1440,shorten to 5 meters,19,0.75,4.75,,3.0,,8.0,,0.0,,0.0,,
Recorded By,,,,,,,,,,,,,,,,,,
Date,,,,,,,,,,,,,,,,,,
transectId,block,type_CT_TT,originTagNum,end5mTagNum,comments,plantID,x,y,height_Spring23,height_Fall23,width_Spring23,width_Fall23,repro_Spring23,repro_Fall23,numRep_Spring23,numRep_Fall23,notes_Spring23,notes_Fall23
3,2,CT,1425,1439,shorten to 5 meters,20,0.22,1.86,,3.0,,3.0,,0.0,,0.0,,
3,2,CT,1425,1439,shorten to 5 meters,21,0.23,4.14,,2.0,,2.0,,0.0,,0.0,,
3,2,CT,1425,1439,shorten to 5 meters,22,0.4,4.15,,3.0,,5.0,,0.0,,0.0,,
3,2,CT,1425,1439,shorten to 5 meters,23,0.56,3.85,,3.0,,7.0,,0.0,,0.0,,
3,2,CT,1425,1439,shorten to 5 meters,24,0.57,3.85,,2.0,,5.0,,0.0,,0.0,,
3,2,CT,1425,1439,shorten to 5 meters,25,0.59,3.85,,3.0,,7.0,,0.0,,0.0,,
3,2,CT,1425,1439,shorten to 5 meters,26,0.62,4.6,,3.0,,3.0,,0.0,,0.0,,
3,2,CT,1425,1439,shorten to 5 meters,27,0.77,4.6,,7.0,,7.0,,0.0,,2.0,,
3,2,CT,1425,1439,shorten to 5 meters,28,0.89,3.9,,4.0,,9.0,,0.0,,0.0,,
3,2,CT,1425,1439,shorten to 5 meters,29,0.93,3.6,,4.0,,5.0,,0.0,,0.0,,
3,2,CT,1425,1439,shorten to 5 meters,30,0.94,0.35,,4.0,,7.0,,0.0,,0.0,,
Recorded By,,,,,,,,,,,,,,,,,,
Date,,,,,,,,,,,,,,,,,,
transectId,block,type_CT_TT,originTagNum,end5mTagNum,comments,plantID,x,y,height_Spring23,height_Fall23,width_Spring23,width_Fall23,repro_Spring23,repro_Fall23,numRep_Spring23,numRep_Fall23,notes_Spring23,notes_Fall23
4,2,TT,1452,1443,shorten to 5 meters,31,0.25,0.25,7.6,0.0,11.6,0.0,1.0,0.0,0.0,0.0,,dead stems
4,2,TT,1452,1443,shorten to 5 meters,32,0.25,1.25,,2.0,,7.0,,0.0,,0.0,,
4,2,TT,1452,1443,shorten to 5 meters,33,0.25,2.25,4.7,0.0,8.7,0.0,0.0,0.0,0.0,0.0,,dead stems
4,2,TT,1452,1443,shorten to 5 meters,34,0.25,3.25,,6.0,,11.0,,0.0,,0.0,,
4,2,TT,1452,1443,shorten to 5 meters,35,0.25,4.25,,3.0,,7.0,,0.0,,0.0,,
4,2,TT,1452,1443,shorten to 5 meters,36,0.75,0.75,,2.0,,6.0,,0.0,,0.0,,
4,2,TT,1452,1443,shorten to 5 meters,37,0.75,1.75,8.1,0.0,12.3,0.0,1.0,0.0,0.0,0.0,,dead stems but shows signs of reproduction
4,2,TT,1452,1443,shorten to 5 meters,38,0.75,2.75,6.3,0.0,9.2,0.0,0.0,0.0,0.0,0.0,,dead stems
4,2,TT,1452,1443,shorten to 5 meters,39,0.75,3.75,4.5,0.0,6.9,0.0,0.0,0.0,0.0,0.0,,not found
4,2,TT,1452,1443,shorten to 5 meters,40,0.75,4.75,,5.0,,7.5,,0.0,,0.0,,
Recorded By,,,,,,,,,,,,,,,,,,
Date,,,,,,,,,,,,,,,,,,
transectId,block,type_CT_TT,originTagNum,end5mTagNum,comments,plantID,x,y,height_Spring23,height_Fall23,width_Spring23,width_Fall23,repro_Spring23,repro_Fall23,numRep_Spring23,numRep_Fall23,notes_Spring23,notes_Fall23
5,3,CT,1448,1442,shorten to 5 meters,41,0.1,1.99,,3.0,,5.0,,0.0,,0.0,,
5,3,CT,1448,1442,shorten to 5 meters,42,0.11,2.74,,2.0,,5.0,,0.0,,0.0,,
5,3,CT,1448,1442,shorten to 5 meters,43,0.12,3.55,,2.0,,5.0,,0.0,,0.0,,
5,3,CT,1448,1442,shorten to 5 meters,44,0.13,3.51,,2.0,,3.0,,0.0,,0.0,,
5,3,CT,1448,1442,shorten to 5 meters,45,0.16,2.15,,5.0,,13.0,,0.0,,0.0,,
5,3,CT,1448,1442,shorten to 5 meters,46,0.16,4.07,,3.0,,5.0,,0.0,,0.0,,
5,3,CT,1448,1442,shorten to 5 meters,47,0.16,4.1,,3.0,,4.0,,0.0,,0.0,,
5,3,CT,1448,1442,shorten to 5 meters,48,0.16,4.16,,1.0,,4.0,,0.0,,0.0,,
5,3,CT,1448,1442,shorten to 5 meters,49,0.2,3.1,,7.0,,3.0,,0.0,,0.0,,
5,3,CT,1448,1442,shorten to 5 meters,50,0.21,3.5,,3.0,,8.0,,0.0,,0.0,,
5,3,CT,1448,1442,shorten to 5 meters,51,0.22,1.92,,4.0,,8.0,,0.0,,0.0,,
5,3,CT,1448,1442,shorten to 5 meters,52,0.22,4.06,,3.0,,2.0,,0.0,,0.0,,
5,3,CT,1448,1442,shorten to 5 meters,53,0.26,4.78,,3.0,,8.0,,0.0,,0.0,,
5,3,CT,1448,1442,shorten to 5 meters,54,0.28,4.3,,3.0,,6.0,,0.0,,0.0,,
5,3,CT,1448,1442,shorten to 5 meters,55,0.29,1.15,,4.0,,8.0,,1.0,,3.0,,
5,3,CT,1448,1442,shorten to 5 meters,56,0.29,3.81,,3.0,,5.0,,0.0,,0.0,,
5,3,CT,1448,1442,shorten to 5 meters,57,0.3,4.24,,3.0,,5.0,,0.0,,0.0,,
5,3,CT,1448,1442,shorten to 5 meters,58,0.31,3.21,,3.0,,4.0,,0.0,,0.0,,
5,3,CT,1448,1442,shorten to 5 meters,59,0.32,2.71,,4.0,,9.0,,0.0,,0.0,,
5,3,CT,1448,1442,shorten to 5 meters,60,0.32,3.64,,7.0,,4.0,,0.0,,0.0,,
5,3,CT,1448,1442,shorten to 5 meters,61,0.34,1.92,,3.0,,8.0,,0.0,,0.0,,
5,3,CT,1448,1442,shorten to 5 meters,62,0.43,4.8,,1.0,,4.0,,0.0,,0.0,,
5,3,CT,1448,1442,shorten to 5 meters,63,0.53,2.96,,9.0,,4.0,,1.0,,7.0,,
5,3,CT,1448,1442,shorten to 5 meters,64,0.53,4.81,,3.0,,7.0,,0.0,,0.0,,
5,3,CT,1448,1442,shorten to 5 meters,65,0.55,1.21,,3.0,,5.0,,0.0,,0.0,,
5,3,CT,1448,1442,shorten to 5 meters,66,0.55,3.0,,2.0,,8.0,,1.0,,4.0,,
5,3,CT,1448,1442,shorten to 5 meters,67,0.55,4.4,,3.0,,10.0,,0.0,,0.0,,
5,3,CT,1448,1442,shorten to 5 meters,68,0.62,4.85,,3.0,,7.0,,0.0,,0.0,,
5,3,CT,1448,1442,shorten to 5 meters,69,0.68,4.9,,2.0,,8.0,,0.0,,0.0,,
5,3,CT,1448,1442,shorten to 5 meters,70,0.71,4.67,,3.0,,10.0,,0.0,,0.0,,
5,3,CT,1448,1442,shorten to 5 meters,71,0.74,4.95,,4.0,,9.0,,1.0,,3.0,,
5,3,CT,1448,1442,shorten to 5 meters,72,0.75,2.0,,7.0,,9.0,,1.0,,7.0,,
5,3,CT,1448,1442,shorten to 5 meters,73,0.81,3.65,,6.0,,10.0,,1.0,,4.0,,
5,3,CT,1448,1442,shorten to 5 meters,74,0.81,4.55,,2.0,,7.0,,0.0,,0.0,,
5,3,CT,1448,1442,shorten to 5 meters,75,0.85,2.8,,4.0,,8.0,,1.0,,5.0,,
5,3,CT,1448,1442,shorten to 5 meters,76,0.92,2.38,,10.0,,4.0,,0.0,,0.0,,
5,3,CT,1448,1442,shorten to 5 meters,77,0.93,3.9,,3.0,,8.0,,0.0,,0.0,,
5,3,CT,1448,1442,shorten to 5 meters,78,0.95,2.28,,1.0,,2.0,,0.0,,0.0,,
5,3,CT,1448,1442,shorten to 5 meters,79,0.99,4.02,,4.0,,4.0,,0.0,,0.0,,
5,3,CT,1448,1442,shorten to 5 meters,80,4.7,2.9,,10.0,,2.0,,1.0,,9.0,,
Recorded By,,,,,,,,,,,,,,,,,,
Date,,,,,,,,,,,,,,,,,,
transectId,block,type_CT_TT,originTagNum,end5mTagNum,comments,plantID,x,y,height_Spring23,height_Fall23,width_Spring23,width_Fall23,repro_Spring23,repro_Fall23,numRep_Spring23,numRep_Fall23,notes_Spring23,notes_Fall23
6,3,TT,298,1428,shorten to 5 meters,81,0.25,0.25,,8.0,,4.0,,0.0,,0.0,,
6,3,TT,298,1428,shorten to 5 meters,82,0.25,1.25,6.9,4.0,4.3,4.0,1.0,0.0,0.0,0.0,,
6,3,TT,298,1428,shorten to 5 meters,83,0.25,2.25,4.9,4.5,7.0,5.0,0.0,0.0,0.0,0.0,,
6,3,TT,298,1428,shorten to 5 meters,84,0.25,3.25,,7.0,,7.8,,0.0,,0.0,,
6,3,TT,298,1428,shorten to 5 meters,85,0.25,4.25,,4.0,,9.0,,0.0,,0.0,,
6,3,TT,298,1428,shorten to 5 meters,86,0.75,0.75,5.4,3.0,5.0,4.0,0.0,0.0,0.0,0.0,,
6,3,TT,298,1428,shorten to 5 meters,87,0.75,1.75,5.8,4.0,8.8,4.0,1.0,0.0,0.0,0.0,,"dry. new xy at (0.75, 1.80)"
6,3,TT,298,1428,shorten to 5 meters,88,0.75,2.75,4.0,4.0,6.8,4.0,0.0,0.0,0.0,0.0,,dry
6,3,TT,298,1428,shorten to 5 meters,89,0.75,3.75,,4.0,,6.0,,0.0,,0.0,,
6,3,TT,298,1428,shorten to 5 meters,90,0.75,4.75,,3.0,,8.0,,0.0,,0.0,,
Recorded By,,,,,,,,,,,,,,,,,,
Date,,,,,,,,,,,,,,,,,,
transectId,block,type_CT_TT,originTagNum,end5mTagNum,comments,plantID,x,y,height_Spring23,height_Fall23,width_Spring23,width_Fall23,repro_Spring23,repro_Fall23,numRep_Spring23,numRep_Fall23,notes_Spring23,notes_Fall23
7,4,CT,1436,1420,shorten to 5 meters,91,0.12,2.06,,9.0,,4.0,,0.0,,7.0,,
7,4,CT,1436,1420,shorten to 5 meters,92,0.12,2.4,,7.0,,11.0,,1.0,,18.0,,
7,4,CT,1436,1420,shorten to 5 meters,93,0.21,3.2,,10.0,,9.0,,1.0,,9.0,,
7,4,CT,1436,1420,shorten to 5 meters,94,0.22,2.21,,5.0,,9.0,,1.0,,3.0,,
7,4,CT,1436,1420,shorten to 5 meters,95,0.23,3.6,,3.0,,6.0,,0.0,,0.0,,
7,4,CT,1436,1420,shorten to 5 meters,96,0.26,2.24,,8.0,,3.0,,0.0,,0.0,,
7,4,CT,1436,1420,shorten to 5 meters,97,0.28,3.3,,7.0,,5.0,,1.0,,7.0,,
7,4,CT,1436,1420,shorten to 5 meters,98,0.33,2.11,,2.0,,4.0,,0.0,,0.0,,
7,4,CT,1436,1420,shorten to 5 meters,99,0.47,1.23,,4.0,,8.0,,0.0,,0.0,,
7,4,CT,1436,1420,shorten to 5 meters,100,0.49,0.33,,3.0,,9.0,,0.0,,0.0,,
7,4,CT,1436,1420,shorten to 5 meters,101,0.5,2.26,,3.0,,7.0,,1.0,,1.0,,
7,4,CT,1436,1420,shorten to 5 meters,102,0.55,1.55,,7.0,,9.0,,1.0,,10.0,,
7,4,CT,1436,1420,shorten to 5 meters,103,0.57,1.4,,6.0,,8.0,,1.0,,7.0,,
7,4,CT,1436,1420,shorten to 5 meters,104,0.57,1.99,,9.0,,10.0,,1.0,,21.0,,
7,4,CT,1436,1420,shorten to 5 meters,105,0.6,2.35,,3.0,,8.0,,1.0,,7.0,,
7,4,CT,1436,1420,shorten to 5 meters,106,0.62,2.5,,3.0,,8.0,,0.0,,0.0,,
7,4,CT,1436,1420,shorten to 5 meters,107,0.66,3.17,,3.0,,8.0,,1.0,,2.0,,
7,4,CT,1436,1420,shorten to 5 meters,108,0.71,2.71,,3.0,,8.0,,0.0,,0.0,,
7,4,CT,1436,1420,shorten to 5 meters,109,0.82,3.61,,1.0,,6.0,,0.0,,0.0,,
Recorded By,,,,,,,,,,,,,,,,,,
Date,,,,,,,,,,,,,,,,,,
transectId,block,type_CT_TT,originTagNum,end5mTagNum,comments,plantID,x,y,height_Spring23,height_Fall23,width_Spring23,width_Fall23,repro_Spring23,repro_Fall23,numRep_Spring23,numRep_Fall23,notes_Spring23,notes_Fall23
8,4,TT,1437,1445,shorten to 5 meters,110,0.25,0.25,,3.0,,7.0,,0.0,,0.0,,
8,4,TT,1437,1445,shorten to 5 meters,111,0.25,1.25,5.5,6.0,5.5,7.0,1.0,0.0,0.0,0.0,,dry
8,4,TT,1437,1445,shorten to 5 meters,112,0.25,2.25,,3.0,,3.0,,0.0,,0.0,,was erased??
8,4,TT,1437,1445,shorten to 5 meters,113,0.25,3.25,,7.0,,12.0,,0.0,,0.0,,
8,4,TT,1437,1445,shorten to 5 meters,114,0.25,4.25,,4.0,,6.0,,0.0,,0.0,,
8,4,TT,1437,1445,shorten to 5 meters,115,0.75,0.75,4.5,0.0,5.5,0.0,1.0,0.0,0.0,0.0,offset hole 10cm -> center,unsure of which plant is original
8,4,TT,1437,1445,shorten to 5 meters,116,0.75,1.75,5.0,4.5,4.0,8.0,0.0,0.0,0.0,0.0,,
8,4,TT,1437,1445,shorten to 5 meters,117,0.75,2.75,7.5,0.0,6.0,0.0,1.0,0.0,0.0,0.0,offset hole 20cm -> end,dried/dead
8,4,TT,1437,1445,shorten to 5 meters,118,0.75,4.75,7.0,3.0,5.0,8.0,0.0,0.0,0.0,0.0,offset hole 10cm -> center,dried/dead
Recorded By,,,,,,,,,,,,,,,,,,
Date,,,,,,,,,,,,,,,,,,
transectId,block,type_CT_TT,originTagNum,end5mTagNum,comments,plantID,x,y,height_Spring23,height_Fall23,width_Spring23,width_Fall23,repro_Spring23,repro_Fall23,numRep_Spring23,numRep_Fall23,notes_Spring23,notes_Fall23
9,5,CT,290,1033,,119,0.0,1.25,,7.0,,7.0,,1.0,,12.0,,
9,5,CT,290,1033,,120,0.03,3.85,,11.0,,16.0,,1.0,,26.0,,
9,5,CT,290,1033,,121,0.12,4.3,,4.0,,11.0,,0.0,,0.0,,
9,5,CT,290,1033,,122,0.17,0.15,,6.0,,12.0,,0.0,,0.0,,
9,5,CT,290,1033,,123,0.25,3.8,,12.0,,13.0,,1.0,,14.0,,
9,5,CT,290,1033,,124,0.29,3.05,,14.0,,8.0,,1.0,,24.0,,
9,5,CT,290,1033,,125,0.39,1.08,,9.0,,13.0,,1.0,,46.0,,
9,5,CT,290,1033,,126,0.46,3.4,,11.0,,14.0,,1.0,,15.0,,
9,5,CT,290,1033,,127,0.53,1.3,,8.0,,15.0,,1.0,,2.0,,
9,5,CT,290,1033,,128,0.56,1.2,,5.0,,13.0,,0.0,,0.0,,
9,5,CT,290,1033,,129,0.62,1.0,,2.0,,4.0,,0.0,,0.0,,
9,5,CT,290,1033,,130,0.64,4.5,,6.0,,10.0,,1.0,,8.0,,
9,5,CT,290,1033,,131,0.7,3.85,,26.0,,13.0,,1.0,,24.0,,
9,5,CT,290,1033,,132,0.75,2.05,,7.0,,12.0,,0.0,,0.0,,
9,5,CT,290,1033,,133,0.79,2.55,,4.0,,12.0,,0.0,,0.0,,
9,5,CT,290,1033,,134,0.8,3.71,,10.0,,20.0,,1.0,,27.0,,
9,5,CT,290,1033,,135,0.84,0.15,,6.0,,12.0,,0.0,,0.0,,
9,5,CT,290,1033,,136,0.85,0.19,,5.0,,12.0,,0.0,,0.0,,
9,5,CT,290,1033,,137,0.86,1.65,,6.0,,6.0,,0.0,,0.0,,
9,5,CT,290,1033,,138,0.91,2.75,,11.0,,7.0,,1.0,,19.0,,
Recorded By,,,,,,,,,,,,,,,,,,
Date,,,,,,,,,,,,,,,,,,
transectId,block,type_CT_TT,originTagNum,end5mTagNum,comments,plantID,x,y,height_Spring23,height_Fall23,width_Spring23,width_Fall23,repro_Spring23,repro_Fall23,numRep_Spring23,numRep_Fall23,notes_Spring23,notes_Fall23
10,5,TT,1055,1072,,139,0.04,0.24,5.0,6.0,7.0,6.0,0.0,0.0,0.0,0.0,,
10,5,TT,1055,1072,,140,0.08,0.27,3.0,,2.6,,0.0,,0.0,,,
10,5,TT,1055,1072,,141,0.08,1.03,6.0,6.0,7.0,7.0,1.0,0.0,0.0,0.0,budding,
10,5,TT,1055,1072,,142,0.15,0.18,4.0,3.0,3.0,16.0,0.0,0.0,0.0,0.0,,
10,5,TT,1055,1072,,143,0.16,1.15,6.0,6.0,8.0,4.0,0.0,0.0,0.0,0.0,,
10,5,TT,1055,1072,,144,0.24,0.04,4.0,3.0,7.0,6.0,0.0,0.0,0.0,0.0,last years flower,
10,5,TT,1055,1072,,145,0.25,0.25,4.7,4.0,7.0,4.0,1.0,0.0,0.0,0.0,budding,
10,5,TT,1055,1072,,146,0.25,0.81,4.0,7.0,6.0,8.0,0.0,0.0,0.0,0.0,,
10,5,TT,1055,1072,,147,0.25,1.0,4.0,5.0,6.0,10.0,0.0,0.0,0.0,0.0,,
10,5,TT,1055,1072,,148,0.25,1.25,5.0,4.0,6.0,7.0,0.0,0.0,0.0,0.0,,
10,5,TT,1055,1072,,149,0.25,2.25,,6.0,,6.0,,0.0,,0.0,,
10,5,TT,1055,1072,,150,0.25,3.25,,5.8,,10.0,,0.0,,0.0,,
10,5,TT,1055,1072,,151,0.25,4.25,,2.5,,3.5,,0.0,,0.0,,
10,5,TT,1055,1072,,152,0.27,0.08,3.0,4.0,2.6,7.0,0.0,0.0,0.0,0.0,,
10,5,TT,1055,1072,,153,0.3,0.4,6.0,3.0,6.6,7.5,1.0,0.0,0.0,0.0,budding,
10,5,TT,1055,1072,,154,0.3,1.85,7.5,9.0,11.0,11.0,1.0,0.0,0.0,0.0,,
10,5,TT,1055,1072,,155,0.38,0.09,4.0,0.0,2.7,0.0,0.0,0.0,0.0,0.0,,not found
10,5,TT,1055,1072,,156,0.42,4.04,3.8,4.6,3.2,8.0,0.0,0.0,0.0,0.0,,
10,5,TT,1055,1072,,157,0.43,1.92,6.0,4.0,5.0,6.0,0.0,0.0,0.0,0.0,,
10,5,TT,1055,1072,,158,0.49,1.92,3.5,3.0,1.0,4.0,0.0,0.0,0.0,0.0,,
10,5,TT,1055,1072,,159,0.515,0.79,6.0,,4.5,,0.0,,0.0,,,
10,5,TT,1055,1072,,160,0.6,0.8,,0.0,,0.0,,0.0,,0.0,,not found
10,5,TT,1055,1072,,161,0.6,1.91,4.0,3.0,3.0,2.5,0.0,0.0,0.0,0.0,,
10,5,TT,1055,1072,,162,0.64,0.86,3.0,3.5,5.0,5.5,0.0,0.0,0.0,0.0,,
10,5,TT,1055,1072,,163,0.65,0.2,4.5,6.0,3.0,5.0,0.0,0.0,0.0,0.0,,
10,5,TT,1055,1072,,164,0.65,0.21,3.4,3.0,4.2,4.8,0.0,0.0,0.0,0.0,,
10,5,TT,1055,1072,,165,0.67,1.1,6.0,6.0,10.0,8.0,1.0,1.0,0.0,0.0,,
10,5,TT,1055,1072,,166,0.75,0.75,3.5,0.0,2.5,0.0,0.0,0.0,0.0,0.0,,not found
10,5,TT,1055,1072,,167,0.75,1.75,,4.0,,6.5,,0.0,,0.0,,
10,5,TT,1055,1072,,168,0.75,2.75,,5.5,,7.0,,0.0,,0.0,,
10,5,TT,1055,1072,,169,0.75,3.75,5.6,2.0,9.0,7.0,0.0,0.0,0.0,0.0,last years,
10,5,TT,1055,1072,,170,0.75,4.75,3.5,2.0,7.0,4.0,0.0,0.0,0.0,0.0,06-26 not looking good,
10,5,TT,1055,1072,,171,0.79,0.515,,3.0,,4.4,,0.0,,0.0,,
10,5,TT,1055,1072,,172,0.8,0.6,4.5,,3.0,,0.0,,0.0,,,
10,5,TT,1055,1072,,173,0.89,0.82,9.0,10.0,14.0,12.0,1.0,1.0,0.0,0.0,budding,
Recorded By,,,,,,,,,,,,,,,,,,
Date,,,,,,,,,,,,,,,,,,
transectId,block,type_CT_TT,originTagNum,end5mTagNum,comments,plantID,x,y,height_Spring23,height_Fall23,width_Spring23,width_Fall23,repro_Spring23,repro_Fall23,numRep_Spring23,numRep_Fall23,notes_Spring23,notes_Fall23
11,6,CT,1065,1451,,174,0.02,1.8,,5.0,,12.0,,0.0,,0.0,,
11,6,CT,1065,1451,,175,0.03,4.95,,4.0,,8.0,,0.0,,0.0,,
11,6,CT,1065,1451,,176,0.33,2.2,,3.0,,8.0,,0.0,,0.0,,
11,6,CT,1065,1451,,177,0.51,1.8,,6.0,,12.0,,0.0,,0.0,,
11,6,CT,1065,1451,,178,0.77,4.65,,5.0,,9.0,,0.0,,0.0,,
11,6,CT,1065,1451,,179,0.83,2.6,,7.0,,8.0,,1.0,,9.0,,
11,6,CT,1065,1451,,180,0.93,3.6,,8.0,,15.0,,1.0,,13.0,,
Recorded By,,,,,,,,,,,,,,,,,,
Date,,,,,,,,,,,,,,,,,,
transectId,block,type_CT_TT,originTagNum,end5mTagNum,comments,plantID,x,y,height_Spring23,height_Fall23,width_Spring23,width_Fall23,repro_Spring23,repro_Fall23,numRep_Spring23,numRep_Fall23,notes_Spring23,notes_Fall23
12,6,TT,1060,1045,,181,0.2,2.85,,4.0,,9.0,,0.0,,0.0,,
12,6,TT,1060,1045,,182,0.25,0.25,12.5,7.5,3.5,8.5,0.0,1.0,0.0,0.0,,
12,6,TT,1060,1045,,183,0.25,1.25,,5.0,,6.0,,0.0,,0.0,,
12,6,TT,1060,1045,,184,0.25,2.25,,4.0,,3.0,,0.0,,0.0,,
12,6,TT,1060,1045,,185,0.25,3.25,5.0,2.5,6.5,3.0,0.0,0.0,0.0,0.0,,
12,6,TT,1060,1045,,186,0.3,2.8,,6.0,,10.0,,0.0,,0.0,,
12,6,TT,1060,1045,,187,0.3,4.25,,6.3,,7.0,,0.0,,0.0,,
12,6,TT,1060,1045,,188,0.35,2.43,9.0,11.5,13.0,16.0,1.0,0.0,0.0,0.0,,
12,6,TT,1060,1045,,189,0.7,4.15,6.0,7.0,13.0,10.0,1.0,1.0,0.0,0.0,budding,
12,6,TT,1060,1045,,190,0.75,0.75,,3.5,,6.5,,0.0,,0.0,,
12,6,TT,1060,1045,,191,0.75,1.75,,5.4,,10.0,,0.0,,0.0,,
12,6,TT,1060,1045,,192,0.75,2.75,6.0,2.5,7.0,4.0,1.0,0.0,0.0,0.0,,
12,6,TT,1060,1045,,193,0.75,3.75,7.0,5.0,8.0,6.0,1.0,1.0,0.0,0.0,,
12,6,TT,1060,1045,,194,0.75,4.75,7.0,1.0,7.0,3.0,1.0,0.0,0.0,0.0,,
12,6,TT,1060,1045,,195,6.9,4.95,5.0,12.0,3.5,14.0,0.0,1.0,0.0,0.0,,
Recorded By,,,,,,,,,,,,,,,,,,
Date,,,,,,,,,,,,,,,,,,
transectId,block,type_CT_TT,originTagNum,end5mTagNum,comments,plantID,x,y,height_Spring23,height_Fall23,width_Spring23,width_Fall23,repro_Spring23,repro_Fall23,numRep_Spring23,numRep_Fall23,notes_Spring23,notes_Fall23
13,7,CT,1003,1430,,196,0.12,4.8,,5.0,,8.0,,1.0,,4.0,,
13,7,CT,1003,1430,,197,0.23,4.5,,6.0,,15.0,,1.0,,18.0,,
13,7,CT,1003,1430,,198,0.61,2.25,,8.0,,13.0,,1.0,,5.0,,
13,7,CT,1003,1430,,199,0.77,0.18,,6.0,,11.0,,1.0,,13.0,,
13,7,CT,1003,1430,,200,0.82,4.6,,5.0,,8.0,,1.0,,9.0,,
13,7,CT,1003,1430,,201,0.91,3.6,,3.0,,11.0,,0.0,,0.0,,
13,7,CT,1003,1430,,202,0.95,1.9,,9.0,,12.0,,1.0,,13.0,,
Recorded By,,,,,,,,,,,,,,,,,,
Date,,,,,,,,,,,,,,,,,,
transectId,block,type_CT_TT,originTagNum,end5mTagNum,comments,plantID,x,y,height_Spring23,height_Fall23,width_Spring23,width_Fall23,repro_Spring23,repro_Fall23,numRep_Spring23,numRep_Fall23,notes_Spring23,notes_Fall23
14,7,TT,1446,1052,,203,0.25,0.25,,4.5,,5.0,,0.0,,0.0,,
14,7,TT,1446,1052,,204,0.25,2.25,,3.0,,3.0,,0.0,,0.0,,
14,7,TT,1446,1052,,205,0.25,2.75,4.5,0.0,6.0,0.0,0.0,0.0,0.0,0.0,,"should be (0.25, 2.25)"
14,7,TT,1446,1052,,206,0.25,4.25,3.5,0.0,3.5,0.0,0.0,0.0,0.0,0.0,,not found
14,7,TT,1446,1052,,207,0.3,1.3,4.5,2.0,5.5,0.0,0.0,0.0,0.0,0.0,,
14,7,TT,1446,1052,,208,0.75,0.75,7.0,0.0,7.0,0.0,0.0,0.0,0.0,0.0,last year flower,not found
14,7,TT,1446,1052,,209,0.75,2.55,,5.0,,6.5,,0.0,,0.0,,
14,7,TT,1446,1052,,210,0.75,2.75,6.0,0.0,4.0,0.0,0.0,0.0,0.0,0.0,bare root,not found
14,7,TT,1446,1052,,211,0.75,3.75,,5.0,,7.5,,0.0,,0.0,,
14,7,TT,1446,1052,,212,0.75,4.75,,10.0,,6.0,,0.0,,0.0,,
Recorded By,,,,,,,,,,,,,,,,,,
Date,,,,,,,,,,,,,,,,,,
transectId,block,type_CT_TT,originTagNum,end5mTagNum,comments,plantID,x,y,height_Spring23,height_Fall23,width_Spring23,width_Fall23,repro_Spring23,repro_Fall23,numRep_Spring23,numRep_Fall23,notes_Spring23,notes_Fall23
15,8,CT,1099,1061,,213,0.03,1.2,,3.0,,5.0,,1.0,,2.0,,
15,8,CT,1099,1061,,214,0.06,1.57,,6.0,,7.0,,1.0,,19.0,,
15,8,CT,1099,1061,,215,0.06,2.37,,1.0,,9.0,,1.0,,0.0,,
15,8,CT,1099,1061,,216,0.09,0.2,,5.0,,6.0,,1.0,,19.0,,
15,8,CT,1099,1061,,217,0.15,1.45,,2.0,,4.0,,0.0,,0.0,,
15,8,CT,1099,1061,,218,0.16,0.55,,3.0,,8.0,,0.0,,0.0,,
15,8,CT,1099,1061,,219,0.18,4.85,,3.0,,5.0,,0.0,,0.0,,
15,8,CT,1099,1061,,220,0.22,2.2,,2.0,,5.0,,1.0,,0.0,,
15,8,CT,1099,1061,,221,0.23,3.85,,8.0,,10.0,,0.0,,0.0,,
15,8,CT,1099,1061,,222,0.24,2.05,,3.0,,9.0,,0.0,,0.0,,
15,8,CT,1099,1061,,223,0.26,2.16,,8.0,,10.0,,1.0,,25.0,,
15,8,CT,1099,1061,,224,0.29,0.18,,8.0,,12.0,,1.0,,27.0,,
15,8,CT,1099,1061,,225,0.29,1.62,,9.0,,15.0,,1.0,,18.0,,
15,8,CT,1099,1061,,226,0.31,2.33,,3.0,,2.0,,1.0,,2.0,,
15,8,CT,1099,1061,,227,0.31,4.45,,2.0,,9.0,,0.0,,0.0,,
15,8,CT,1099,1061,,228,0.33,2.35,,2.0,,9.0,,0.0,,0.0,,
15,8,CT,1099,1061,,229,0.34,0.66,,6.0,,9.0,,1.0,,6.0,,
15,8,CT,1099,1061,,230,0.35,2.14,,6.0,,5.0,,1.0,,13.0,,
15,8,CT,1099,1061,,231,0.42,3.56,,7.0,,10.0,,1.0,,10.0,,
15,8,CT,1099,1061,,232,0.46,4.29,,7.0,,9.0,,1.0,,13.0,,
15,8,CT,1099,1061,,233,0.47,3.68,,6.0,,7.0,,1.0,,8.0,,
15,8,CT,1099,1061,,234,0.48,1.26,,7.0,,9.0,,1.0,,16.0,,
15,8,CT,1099,1061,,235,0.49,0.24,,9.0,,12.0,,1.0,,36.0,,
15,8,CT,1099,1061,,236,0.55,2.95,,8.0,,15.0,,1.0,,44.0,,
15,8,CT,1099,1061,,237,0.55,3.3,,8.0,,9.0,,1.0,,56.0,,
15,8,CT,1099,1061,,238,0.59,3.15,,6.0,,10.0,,1.0,,29.0,,
15,8,CT,1099,1061,,239,0.67,0.18,,9.0,,7.0,,1.0,,18.0,,
15,8,CT,1099,1061,,240,0.67,1.66,,7.0,,7.0,,1.0,,6.0,,
15,8,CT,1099,1061,,241,0.67,4.6,,2.0,,4.0,,0.0,,0.0,,
15,8,CT,1099,1061,,242,0.67,4.75,,3.0,,6.0,,0.0,,0.0,,
15,8,CT,1099,1061,,243,0.75,0.81,,9.0,,8.0,,1.0,,77.0,,
15,8,CT,1099,1061,,244,0.78,0.99,,9.0,,12.0,,1.0,,65.0,,
15,8,CT,1099,1061,,245,0.79,4.15,,4.0,,7.0,,0.0,,0.0,,
15,8,CT,1099,1061,,246,0.79,4.4,,1.0,,6.1,,0.0,,0.0,,
15,8,CT,1099,1061,,247,0.8,1.95,,7.0,,13.0,,1.0,,61.0,,
15,8,CT,1099,1061,,248,0.82,4.45,,2.0,,5.0,,0.0,,0.0,,
15,8,CT,1099,1061,,249,0.82,4.58,,2.0,,10.0,,0.0,,0.0,,
15,8,CT,1099,1061,,250,0.85,2.75,,6.0,,12.0,,1.0,,15.0,,
15,8,CT,1099,1061,,251,0.9,0.96,,11.0,,9.0,,1.0,,8.0,,
15,8,CT,1099,1061,,252,0.94,3.35,,10.0,,14.0,,1.0,,19.0,,
15,8,CT,1099,1061,,253,0.94,3.95,,2.0,,9.0,,0.0,,0.0,,
Recorded By,,,,,,,,,,,,,,,,,,
Date,,,,,,,,,,,,,,,,,,
transectId,block,type_CT_TT,originTagNum,end5mTagNum,comments,plantID,x,y,height_Spring23,height_Fall23,width_Spring23,width_Fall23,repro_Spring23,repro_Fall23,numRep_Spring23,numRep_Fall23,notes_Spring23,notes_Fall23
16,8,TT,1028,1056,,254,0.0,2.18,8.5,8.5,13.5,13.5,0.0,1.0,0.0,0.0,,
16,8,TT,1028,1056,,255,0.01,2.65,3.5,3.5,4.5,4.5,0.0,0.0,0.0,0.0,,
16,8,TT,1028,1056,,256,0.02,3.5,5.5,,4.5,,0.0,,0.0,,,
16,8,TT,1028,1056,,257,0.02,3.75,,5.0,,5.0,,0.0,,0.0,,
16,8,TT,1028,1056,,258,0.03,0.27,,4.0,,5.0,,0.0,,0.0,,
16,8,TT,1028,1056,,259,0.03,1.75,,1.0,,3.0,,0.0,,0.0,,
16,8,TT,1028,1056,,260,0.03,2.36,,5.0,,8.0,,0.0,,0.0,,
16,8,TT,1028,1056,,261,0.04,3.85,,5.0,,5.0,,0.0,,0.0,,
16,8,TT,1028,1056,,262,0.04,4.08,,3.5,,8.0,,0.0,,0.0,,
16,8,TT,1028,1056,,263,0.04,4.15,,3.5,,4.0,,0.0,,0.0,,
16,8,TT,1028,1056,,264,0.06,1.0,,1.0,,3.0,,0.0,,0.0,,
16,8,TT,1028,1056,,265,0.07,2.58,,5.0,,9.0,,0.0,,0.0,,
16,8,TT,1028,1056,,266,0.08,1.7,9.0,1.0,7.0,2.0,1.0,0.0,0.0,0.0,,
16,8,TT,1028,1056,,267,0.08,2.11,6.0,6.0,7.0,7.0,1.0,1.0,0.0,0.0,,
16,8,TT,1028,1056,,268,0.08,3.35,,4.0,,7.0,,0.0,,0.0,,
16,8,TT,1028,1056,,269,0.09,4.61,7.5,,9.0,,1.0,,0.0,,,
16,8,TT,1028,1056,,270,0.1,0.11,5.0,0.0,4.5,0.0,1.0,0.0,0.0,0.0,,not found
16,8,TT,1028,1056,,271,0.11,2.75,,7.5,,8.0,,0.0,,0.0,,
16,8,TT,1028,1056,,272,0.13,1.25,,7.0,,7.5,,0.0,,0.0,,
16,8,TT,1028,1056,,273,0.13,1.3,,2.5,,3.0,,0.0,,0.0,,
16,8,TT,1028,1056,,274,0.13,1.9,,4.0,,13.0,,0.0,,0.0,,
16,8,TT,1028,1056,,275,0.13,2.35,,6.0,,6.0,,0.0,,0.0,,
16,8,TT,1028,1056,,276,0.13,4.24,8.0,,6.0,,1.0,,0.0,,,
16,8,TT,1028,1056,,277,0.13,4.68,,5.0,,4.0,,0.0,,0.0,,
16,8,TT,1028,1056,,278,0.14,1.8,4.5,0.0,3.0,0.0,0.0,0.0,0.0,0.0,,not found
16,8,TT,1028,1056,,279,0.15,1.93,,8.0,,4.5,,0.0,,0.0,,
16,8,TT,1028,1056,,280,0.16,0.67,4.5,3.0,7.0,3.0,0.0,0.0,0.0,0.0,,
16,8,TT,1028,1056,,281,0.16,1.7,9.0,0.0,10.0,0.0,1.0,0.0,0.0,0.0,,not found
16,8,TT,1028,1056,,282,0.16,3.92,,2.5,,3.0,,0.0,,0.0,,
16,8,TT,1028,1056,,283,0.16,4.1,,7.0,,10.0,,0.0,,0.0,,
16,8,TT,1028,1056,,284,0.16,4.55,8.0,,7.5,,1.0,,0.0,,,
16,8,TT,1028,1056,,285,0.17,3.755,6.0,,2.5,,1.0,,0.0,,,
16,8,TT,1028,1056,,286,0.18,3.97,,4.0,,7.0,,0.0,,0.0,,
16,8,TT,1028,1056,,287,0.2,1.0,,3.0,,6.0,,0.0,,0.0,,
16,8,TT,1028,1056,,288,0.22,0.66,7.0,0.0,8.0,0.0,1.0,0.0,0.0,0.0,,not found
16,8,TT,1028,1056,,289,0.22,0.89,7.0,0.0,4.5,0.0,1.0,0.0,0.0,0.0,,not found
16,8,TT,1028,1056,,290,0.25,0.25,3.0,4.0,3.5,4.0,0.0,0.0,0.0,0.0,,
16,8,TT,1028,1056,,291,0.25,0.36,4.2,0.0,7.5,0.0,1.0,0.0,0.0,0.0,,not found
16,8,TT,1028,1056,,292,0.25,1.25,5.5,3.5,3.0,4.5,0.0,0.0,0.0,0.0,,
16,8,TT,1028,1056,,293,0.25,2.25,,5.0,,8.0,,0.0,,0.0,,
16,8,TT,1028,1056,,294,0.25,3.25,,12.0,,7.0,,1.0,,2.0,,
16,8,TT,1028,1056,,295,0.25,4.25,,6.0,,10.0,,1.0,,3.0,,
16,8,TT,1028,1056,,296,0.26,3.825,8.5,,8.0,,1.0,,0.0,,,
16,8,TT,1028,1056,,297,0.265,0.335,4.0,0.0,8.0,0.0,1.0,0.0,0.0,0.0,,not found
16,8,TT,1028,1056,,298,0.27,0.57,7.0,1.0,6.0,3.0,1.0,0.0,0.0,0.0,,
16,8,TT,1028,1056,,299,0.27,1.8,10.5,0.0,13.0,0.0,1.0,0.0,54.0,0.0,,not found
16,8,TT,1028,1056,,300,0.28,1.07,9.0,0.0,7.0,0.0,1.0,0.0,0.0,0.0,,not found
16,8,TT,1028,1056,,301,0.28,4.57,,4.0,,6.0,,0.0,,0.0,,
16,8,TT,1028,1056,,302,0.3,0.1,4.0,0.0,4.0,0.0,1.0,0.0,0.0,0.0,,not found
16,8,TT,1028,1056,,303,0.3,0.45,2.0,0.0,3.5,0.0,0.0,0.0,0.0,0.0,,not found
16,8,TT,1028,1056,,304,0.3,0.99,5.0,3.0,4.5,6.0,0.0,0.0,0.0,0.0,,
16,8,TT,1028,1056,,305,0.3,3.92,10.0,,11.0,,1.0,,0.0,,,
16,8,TT,1028,1056,,306,0.31,3.34,,2.5,,4.5,,0.0,,0.0,,
16,8,TT,1028,1056,,307,0.34,0.79,9.5,2.5,9.0,5.0,1.0,0.0,0.0,0.0,,
16,8,TT,1028,1056,,308,0.35,0.96,3.5,6.5,4.0,6.0,0.0,0.0,0.0,0.0,,
16,8,TT,1028,1056,,309,0.38,0.4,3.5,0.08,10.0,2.0,0.0,0.0,0.0,0.0,,
16,8,TT,1028,1056,,310,0.38,0.55,,14.0,,7.9,,0.0,,0.0,,
16,8,TT,1028,1056,,311,0.38,4.5,,4.0,,8.0,,0.0,,0.0,,
16,8,TT,1028,1056,,312,0.4,3.4,,6.5,,4.0,,0.0,,0.0,,
16,8,TT,1028,1056,,313,0.4,3.45,,2.5,,3.5,,0.0,,0.0,,
16,8,TT,1028,1056,,314,0.41,4.77,,5.0,,7.0,,0.0,,0.0,,
16,8,TT,1028,1056,,315,0.43,0.8,,5.0,,1.0,,0.0,,0.0,,
16,8,TT,1028,1056,,316,0.43,3.85,,4.0,,8.5,,0.0,,0.0,,
16,8,TT,1028,1056,,317,0.46,0.62,,6.0,,8.0,,0.0,,0.0,,
16,8,TT,1028,1056,,318,0.46,3.8,,4.0,,6.0,,0.0,,0.0,,
16,8,TT,1028,1056,,319,0.46,4.65,,5.5,,8.0,,0.0,,0.0,,
16,8,TT,1028,1056,,320,0.53,0.93,,8.0,,6.5,,0.0,,0.0,,
16,8,TT,1028,1056,,321,0.53,1.95,,9.5,,12.0,,0.0,,0.0,,
16,8,TT,1028,1056,,322,0.56,0.93,7.0,7.0,12.0,8.0,1.0,0.0,0.0,0.0,,
16,8,TT,1028,1056,,323,0.6,1.53,,7.0,,8.0,,0.0,,0.0,,
16,8,TT,1028,1056,,324,0.6,3.75,7.0,,5.0,,1.0,,0.0,,,
16,8,TT,1028,1056,,325,0.69,0.5,7.0,1.0,10.5,2.0,1.0,0.0,0.0,0.0,,
16,8,TT,1028,1056,,326,0.74,2.64,12.0,12.0,9.0,9.0,1.0,1.0,0.0,0.0,budding,
16,8,TT,1028,1056,,327,0.75,0.75,7.5,0.0,5.0,0.0,0.0,0.0,0.0,0.0,,not found
16,8,TT,1028,1056,,328,0.75,1.75,9.5,6.0,10.0,5.5,1.0,0.0,0.0,0.0,,
16,8,TT,1028,1056,,329,0.75,1.78,,7.0,,7.0,,0.0,,0.0,,
16,8,TT,1028,1056,,330,0.75,2.75,4.0,0.0,5.0,0.0,0.0,0.0,0.0,0.0,,not found
16,8,TT,1028,1056,,331,0.75,3.75,,3.0,,6.0,,0.0,,0.0,,
16,8,TT,1028,1056,,332,0.75,4.75,,11.0,,9.0,,1.0,,6.0,,
16,8,TT,1028,1056,,333,0.76,0.94,10.5,3.5,16.0,6.0,1.0,0.0,0.0,0.0,,
16,8,TT,1028,1056,,334,0.78,0.78,,10.0,,6.5,,0.0,,0.0,,
16,8,TT,1028,1056,,335,0.78,2.35,,5.0,,5.0,,0.0,,0.0,,
16,8,TT,1028,1056,,336,0.85,0.27,7.0,5.0,11.0,6.0,1.0,0.0,0.0,0.0,,
16,8,TT,1028,1056,,337,0.88,3.02,9.5,,10.0,,1.0,,1.0,,,
16,8,TT,1028,1056,,338,0.89,2.06,8.5,8.5,14.5,14.5,1.0,1.0,33.0,33.0,,
16,8,TT,1028,1056,,339,0.91,1.25,,7.0,,7.5,,0.0,,0.0,,
16,8,TT,1028,1056,,340,6.46,0.62,5.0,,11.0,,1.0,,29.0,,flower buds,
Recorded By,,,,,,,,,,,,,,,,,,
Date,,,,,,,,,,,,,,,,,,
transectId,block,type_CT_TT,originTagNum,end5mTagNum,comments,plantID,x,y,height_Spring23,height_Fall23,width_Spring23,width_Fall23,repro_Spring23,repro_Fall23,numRep_Spring23,numRep_Fall23,notes_Spring23,notes_Fall23
17,9,CT,1026,1444,,341,0.23,0.79,,3.0,,8.0,,0.0,,0.0,,
17,9,CT,1026,1444,,342,0.23,0.89,,2.0,,8.0,,0.0,,0.0,,
17,9,CT,1026,1444,,343,0.24,1.2,,2.0,,10.0,,0.0,,0.0,,
17,9,CT,1026,1444,,344,0.39,0.13,,2.0,,6.0,,0.0,,0.0,,
17,9,CT,1026,1444,,345,0.47,1.1,,2.0,,10.0,,0.0,,0.0,,
17,9,CT,1026,1444,,346,0.56,2.94,,5.0,,6.0,,1.0,,4.0,,
17,9,CT,1026,1444,,347,0.64,1.03,,8.0,,3.0,,0.0,,0.0,,
17,9,CT,1026,1444,,348,0.65,0.02,,2.0,,5.0,,0.0,,0.0,,
17,9,CT,1026,1444,,349,0.65,0.03,,2.0,,4.0,,0.0,,0.0,,
Recorded By,,,,,,,,,,,,,,,,,,
Date,,,,,,,,,,,,,,,,,,
transectId,block,type_CT_TT,originTagNum,end5mTagNum,comments,plantID,x,y,height_Spring23,height_Fall23,width_Spring23,width_Fall23,repro_Spring23,repro_Fall23,numRep_Spring23,numRep_Fall23,notes_Spring23,notes_Fall23
18,9,TT,1401,1111,,350,0.04,4.91,7.0,0.0,9.0,0.0,1.0,0.0,0.0,0.0,,
18,9,TT,1401,1111,,351,0.18,3.56,3.0,0.0,5.0,0.0,0.0,0.0,0.0,0.0,,
18,9,TT,1401,1111,,352,0.18,4.75,,10.0,,10.6,,0.0,,0.0,,
18,9,TT,1401,1111,,353,0.23,3.25,2.0,0.0,2.0,0.0,0.0,0.0,0.0,0.0,,
18,9,TT,1401,1111,,354,0.25,0.25,,4.0,,5.5,,0.0,,0.0,,
18,9,TT,1401,1111,,355,0.25,1.25,2.0,0.0,3.0,0.0,0.0,0.0,0.0,0.0,,
18,9,TT,1401,1111,,356,0.25,2.25,,4.2,,6.51,,0.0,,0.0,,
18,9,TT,1401,1111,,357,0.25,3.25,8.0,0.0,11.0,0.0,1.0,0.0,0.0,0.0,,
18,9,TT,1401,1111,,358,0.27,2.58,7.0,0.0,9.0,0.0,1.0,0.0,0.0,0.0,,
18,9,TT,1401,1111,,359,0.56,0.74,4.0,0.0,8.0,0.0,1.0,0.0,0.0,0.0,,
18,9,TT,1401,1111,,360,0.59,0.4,7.5,0.0,8.0,0.0,1.0,0.0,0.0,0.0,,
18,9,TT,1401,1111,,361,0.59,2.29,4.0,0.0,7.5,0.0,1.0,0.0,0.0,0.0,,
18,9,TT,1401,1111,,362,0.6,3.0,9.0,0.0,17.0,0.0,1.0,0.0,0.0,0.0,,
18,9,TT,1401,1111,,363,0.65,0.54,2.0,0.0,2.5,0.0,0.0,0.0,0.0,0.0,,
18,9,TT,1401,1111,,364,0.69,4.3,7.0,0.0,8.0,0.0,1.0,0.0,0.0,0.0,,
18,9,TT,1401,1111,,365,0.75,0.75,5.0,0.0,7.5,0.0,1.0,0.0,0.0,0.0,,
18,9,TT,1401,1111,,366,0.75,1.75,7.5,0.0,12.0,0.0,1.0,0.0,0.0,0.0,,
18,9,TT,1401,1111,,367,0.75,2.75,,7.5,,7.7,,0.0,,0.0,,
18,9,TT,1401,1111,,368,0.75,3.75,11.5,0.0,12.0,0.0,1.0,0.0,0.0,0.0,,
18,9,TT,1401,1111,,369,0.75,4.75,,7.8,,6.5,,0.0,,0.0,,
18,9,TT,1401,1111,,370,0.78,4.54,3.0,0.0,4.0,0.0,1.0,0.0,0.0,0.0,,
Recorded By,,,,,,,,,,,,,,,,,,
Date,,,,,,,,,,,,,,,,,,
transectId,block,type_CT_TT,originTagNum,end5mTagNum,comments,plantID,x,y,height_Spring23,height_Fall23,width_Spring23,width_Fall23,repro_Spring23,repro_Fall23,numRep_Spring23,numRep_Fall23,notes_Spring23,notes_Fall23
19,10,CT,1007,296,,371,0.08,1.55,,2.0,,9.0,,0.0,,0.0,,
19,10,CT,1007,296,,372,0.09,0.1,,3.0,,9.0,,0.0,,0.0,,
19,10,CT,1007,296,,373,0.2,0.88,,3.0,,8.0,,0.0,,0.0,,
19,10,CT,1007,296,,374,0.23,3.6,,5.0,,8.0,,1.0,,3.0,,
19,10,CT,1007,296,,375,0.28,0.3,,3.0,,10.0,,0.0,,0.0,,
19,10,CT,1007,296,,376,0.38,2.88,,8.0,,10.0,,1.0,,10.0,,
19,10,CT,1007,296,,377,0.38,3.5,,8.0,,9.0,,1.0,,9.0,,
19,10,CT,1007,296,,378,0.64,3.7,,4.0,,8.0,,0.0,,0.0,,
19,10,CT,1007,296,,379,0.66,1.33,,4.0,,11.0,,1.0,,3.0,,
19,10,CT,1007,296,,380,0.78,0.82,,3.0,,9.0,,0.0,,0.0,,
19,10,CT,1007,296,,381,0.86,0.34,,8.0,,9.0,,1.0,,25.0,,
19,10,CT,1007,296,,382,0.87,0.04,,3.0,,9.0,,0.0,,0.0,,
19,10,CT,1007,296,,383,0.94,0.29,,3.0,,5.0,,0.0,,0.0,,
Recorded By,,,,,,,,,,,,,,,,,,
Date,,,,,,,,,,,,,,,,,,
transectId,block,type_CT_TT,originTagNum,end5mTagNum,comments,plantID,x,y,height_Spring23,height_Fall23,width_Spring23,width_Fall23,repro_Spring23,repro_Fall23,numRep_Spring23,numRep_Fall23,notes_Spring23,notes_Fall23
20,10,TT,1032,1006,,384,0.02,1.97,6.2,,9.0,,1.0,,20.0,,,
20,10,TT,1032,1006,,385,0.17,4.15,5.9,,5.2,,0.0,,0.0,,,
20,10,TT,1032,1006,,386,0.2,2.25,7.1,0.0,7.5,0.0,1.0,0.0,9.0,0.0,,
20,10,TT,1032,1006,,387,0.25,0.25,5.2,0.0,8.4,0.0,1.0,0.0,0.0,0.0,budding,
20,10,TT,1032,1006,,388,0.25,1.25,8.8,0.0,10.0,0.0,1.0,0.0,42.0,0.0,,
20,10,TT,1032,1006,,389,0.25,3.25,9.8,0.0,9.0,0.0,1.0,0.0,0.0,0.0,budding,
20,10,TT,1032,1006,,390,0.25,4.25,6.0,0.0,4.0,0.0,0.0,0.0,0.0,0.0,,
20,10,TT,1032,1006,,391,0.27,0.24,,1.5,,3.0,,0.0,,0.0,,
20,10,TT,1032,1006,,392,0.3,0.85,3.5,,4.0,,0.0,,0.0,,,
20,10,TT,1032,1006,,393,0.3,3.9,2.2,,1.8,,0.0,,0.0,,,
20,10,TT,1032,1006,,394,0.31,3.22,,1.0,,2.5,,0.0,,0.0,,
20,10,TT,1032,1006,,395,0.34,0.25,,4.0,,7.5,,0.0,,0.0,,
20,10,TT,1032,1006,,396,0.34,3.5,4.2,,4.5,,0.0,,0.0,,,
20,10,TT,1032,1006,,397,0.38,4.3,11.2,0.0,10.0,0.0,1.0,0.0,42.0,0.0,,
20,10,TT,1032,1006,,398,0.4,0.25,,4.0,,8.0,,0.0,,0.0,,
20,10,TT,1032,1006,,399,0.4,0.3,4.5,,4.2,,1.0,,0.0,,,
20,10,TT,1032,1006,,400,0.4,3.95,,1.0,,2.0,,0.0,,0.0,,
20,10,TT,1032,1006,,401,0.42,3.45,,4.0,,9.0,,0.0,,0.0,,
20,10,TT,1032,1006,,402,0.51,0.23,,1.0,,1.5,,0.0,,0.0,,
20,10,TT,1032,1006,,403,0.53,3.9,3.3,,2.5,,0.0,,0.0,,,
20,10,TT,1032,1006,,404,0.54,1.32,,2.5,,4.5,,0.0,,0.0,,
20,10,TT,1032,1006,,405,0.55,3.4,7.6,,6.4,,1.0,,0.0,,,
20,10,TT,1032,1006,,406,0.55,3.59,,1.0,,2.5,,0.0,,0.0,,
20,10,TT,1032,1006,,407,0.55,4.15,3.0,0.0,2.5,0.0,0.0,0.0,0.0,0.0,,
20,10,TT,1032,1006,,408,0.6,4.05,2.6,,2.4,,0.0,,0.0,,,
20,10,TT,1032,1006,,409,0.62,3.36,,2.5,,5.0,,0.0,,0.0,,
20,10,TT,1032,1006,,410,0.64,4.05,2.5,,2.0,,0.0,,0.0,,,
20,10,TT,1032,1006,,411,0.66,1.45,3.5,,5.0,,0.0,,0.0,,,
20,10,TT,1032,1006,,412,0.66,4.2,3.1,0.0,2.0,0.0,0.0,0.0,0.0,0.0,,
20,10,TT,1032,1006,,413,0.67,4.1,2.2,,1.7,,0.0,,0.0,,,
20,10,TT,1032,1006,,414,0.68,3.0,,4.0,,8.0,,0.0,,0.0,,
20,10,TT,1032,1006,,415,0.71,1.45,,3.0,,7.0,,0.0,,0.0,,
20,10,TT,1032,1006,,416,0.73,3.1,1.8,,1.9,,0.0,,0.0,,,
20,10,TT,1032,1006,,417,0.74,4.0,2.5,,2.5,,0.0,,0.0,,,
20,10,TT,1032,1006,,418,0.75,0.75,,5.5,,4.5,,0.0,,0.0,,
20,10,TT,1032,1006,,419,0.75,1.75,,4.2,,5.5,,0.0,,0.0,,
20,10,TT,1032,1006,,420,0.75,2.75,,10.0,,4.55,,0.0,,0.0,,
20,10,TT,1032,1006,,421,0.75,3.75,,6.0,,5.5,,0.0,,0.0,,
20,10,TT,1032,1006,,422,0.75,4.75,,4.0,,3.0,,0.0,,0.0,,
20,10,TT,1032,1006,,423,0.77,3.15,5.7,,5.5,,1.0,,10.0,,,
20,10,TT,1032,1006,,424,0.81,3.1,,2.0,,4.5,,0.0,,0.0,,
20,10,TT,1032,1006,,425,0.83,3.18,,4.0,,10.5,,0.0,,0.0,,
20,10,TT,1032,1006,,426,0.85,2.45,3.9,,4.5,,0.0,,0.0,,,
20,10,TT,1032,1006,,427,0.88,4.2,6.4,0.0,4.4,0.0,0.0,0.0,0.0,0.0,,
20,10,TT,1032,1006,,428,0.91,2.5,,3.5,,8.2,,0.0,,0.0,,
20,10,TT,1032,1006,,429,0.93,0.8,5.5,,6.5,,0.0,,0.0,,,
20,10,TT,1032,1006,,430,0.95,1.3,5.0,,5.0,,0.0,,0.0,,,
20,10,TT,1032,1006,,431,0.95,3.05,8.4,,8.5,,1.0,,20.0,,,
Recorded By,,,,,,,,,,,,,,,,,,
Date,,,,,,,,,,,,,,,,,,
transectId,block,type_CT_TT,originTagNum,end5mTagNum,comments,plantID,x,y,height_Spring23,height_Fall23,width_Spring23,width_Fall23,repro_Spring23,repro_Fall23,numRep_Spring23,numRep_Fall23,notes_Spring23,notes_Fall23
21,11,CT,1021,1031,End replaced with tag 1061,432,0.0,4.26,,3.0,,7.0,,0.0,,0.0,,
21,11,CT,1021,1031,End replaced with tag 1061,433,0.01,4.65,,13.0,,15.0,,1.0,,23.0,,
21,11,CT,1021,1031,End replaced with tag 1061,434,0.03,3.3,,3.0,,13.0,,0.0,,0.0,,
21,11,CT,1021,1031,End replaced with tag 1061,435,0.03,4.0,,3.0,,12.0,,0.0,,0.0,,
21,11,CT,1021,1031,End replaced with tag 1061,436,0.06,4.25,,1.0,,7.0,,0.0,,0.0,,
21,11,CT,1021,1031,End replaced with tag 1061,437,0.07,0.55,,1.0,,3.0,,0.0,,0.0,,
21,11,CT,1021,1031,End replaced with tag 1061,438,0.1,0.05,,2.0,,10.0,,0.0,,0.0,,
21,11,CT,1021,1031,End replaced with tag 1061,439,0.1,0.26,,1.0,,6.0,,0.0,,0.0,,
21,11,CT,1021,1031,End replaced with tag 1061,440,0.12,2.48,,2.0,,11.0,,0.0,,0.0,,
21,11,CT,1021,1031,End replaced with tag 1061,441,0.13,1.05,,2.0,,10.0,,0.0,,0.0,,
21,11,CT,1021,1031,End replaced with tag 1061,442,0.13,3.88,,3.0,,14.0,,0.0,,0.0,,
21,11,CT,1021,1031,End replaced with tag 1061,443,0.15,4.77,,2.0,,10.0,,0.0,,0.0,,
21,11,CT,1021,1031,End replaced with tag 1061,444,0.16,1.15,,2.0,,5.0,,0.0,,0.0,,
21,11,CT,1021,1031,End replaced with tag 1061,445,0.16,1.91,,4.0,,15.0,,0.0,,0.0,,
21,11,CT,1021,1031,End replaced with tag 1061,446,0.17,4.61,,2.0,,9.0,,0.0,,0.0,,
21,11,CT,1021,1031,End replaced with tag 1061,447,0.19,0.37,,1.0,,6.0,,0.0,,0.0,,
21,11,CT,1021,1031,End replaced with tag 1061,448,0.2,2.55,,3.0,,14.0,,0.0,,0.0,,
21,11,CT,1021,1031,End replaced with tag 1061,449,0.23,2.85,,3.0,,10.0,,0.0,,0.0,,
21,11,CT,1021,1031,End replaced with tag 1061,450,0.3,1.0,,2.0,,11.0,,0.0,,0.0,,
21,11,CT,1021,1031,End replaced with tag 1061,451,0.3,1.1,,3.0,,13.0,,0.0,,0.0,,
21,11,CT,1021,1031,End replaced with tag 1061,452,0.33,0.8,,7.0,,9.0,,1.0,,4.0,,
21,11,CT,1021,1031,End replaced with tag 1061,453,0.33,1.39,,6.0,,14.0,,0.0,,0.0,,
21,11,CT,1021,1031,End replaced with tag 1061,454,0.35,4.45,,3.0,,12.0,,0.0,,0.0,,
21,11,CT,1021,1031,End replaced with tag 1061,455,0.4,0.2,,1.0,,10.0,,0.0,,0.0,,
21,11,CT,1021,1031,End replaced with tag 1061,456,0.4,4.3,,7.0,,9.0,,1.0,,2.0,,
21,11,CT,1021,1031,End replaced with tag 1061,457,0.46,2.33,,2.0,,13.0,,0.0,,0.0,,
21,11,CT,1021,1031,End replaced with tag 1061,458,0.46,4.4,,4.0,,10.0,,0.0,,0.0,,
21,11,CT,1021,1031,End replaced with tag 1061,459,0.46,4.66,,6.0,,14.0,,1.0,,17.0,,
21,11,CT,1021,1031,End replaced with tag 1061,460,0.47,3.78,,2.0,,12.0,,0.0,,0.0,,
21,11,CT,1021,1031,End replaced with tag 1061,461,0.48,2.61,,3.0,,12.0,,0.0,,0.0,,
21,11,CT,1021,1031,End replaced with tag 1061,462,0.48,4.5,,2.0,,10.0,,0.0,,0.0,,
21,11,CT,1021,1031,End replaced with tag 1061,463,0.5,0.35,,2.0,,13.0,,0.0,,0.0,,
21,11,CT,1021,1031,End replaced with tag 1061,464,0.5,0.91,,5.0,,13.0,,1.0,,8.0,,
21,11,CT,1021,1031,End replaced with tag 1061,465,0.5,1.9,,2.0,,10.0,,0.0,,0.0,,
21,11,CT,1021,1031,End replaced with tag 1061,466,0.5,2.95,,1.0,,5.0,,0.0,,0.0,,
21,11,CT,1021,1031,End replaced with tag 1061,467,0.54,1.73,,2.0,,8.0,,0.0,,0.0,,
21,11,CT,1021,1031,End replaced with tag 1061,468,0.54,3.61,,3.0,,7.0,,1.0,,1.0,,
21,11,CT,1021,1031,End replaced with tag 1061,469,0.54,3.85,,4.0,,13.0,,1.0,,3.0,,
21,11,CT,1021,1031,End replaced with tag 1061,470,0.55,1.81,,3.0,,9.0,,0.0,,0.0,,
21,11,CT,1021,1031,End replaced with tag 1061,471,0.55,2.05,,3.0,,12.0,,0.0,,0.0,,
21,11,CT,1021,1031,End replaced with tag 1061,472,0.59,1.7,,3.0,,8.0,,0.0,,0.0,,
21,11,CT,1021,1031,End replaced with tag 1061,473,0.59,2.18,,3.0,,18.0,,0.0,,0.0,,
21,11,CT,1021,1031,End replaced with tag 1061,474,0.6,1.75,,2.0,,11.0,,0.0,,0.0,,
21,11,CT,1021,1031,End replaced with tag 1061,475,0.6,1.79,,2.0,,8.0,,0.0,,0.0,,
21,11,CT,1021,1031,End replaced with tag 1061,476,0.6,2.99,,2.0,,10.0,,0.0,,0.0,,
21,11,CT,1021,1031,End replaced with tag 1061,477,0.6,3.75,,2.0,,6.0,,0.0,,0.0,,
21,11,CT,1021,1031,End replaced with tag 1061,478,0.62,3.19,,3.0,,9.0,,1.0,,0.0,,
21,11,CT,1021,1031,End replaced with tag 1061,479,0.62,4.32,,8.0,,12.0,,1.0,,7.0,,
21,11,CT,1021,1031,End replaced with tag 1061,480,0.63,4.28,,7.0,,9.0,,1.0,,4.0,,
21,11,CT,1021,1031,End replaced with tag 1061,481,0.65,0.64,,3.0,,10.0,,0.0,,0.0,,
21,11,CT,1021,1031,End replaced with tag 1061,482,0.65,0.88,,7.0,,11.0,,1.0,,0.0,,
21,11,CT,1021,1031,End replaced with tag 1061,483,0.67,2.3,,2.0,,8.0,,0.0,,0.0,,
21,11,CT,1021,1031,End replaced with tag 1061,484,0.7,0.1,,0.5,,9.0,,0.0,,0.0,,
21,11,CT,1021,1031,End replaced with tag 1061,485,0.7,2.05,,4.0,,10.0,,0.0,,0.0,,
21,11,CT,1021,1031,End replaced with tag 1061,486,0.7,3.1,,2.0,,11.0,,0.0,,0.0,,
21,11,CT,1021,1031,End replaced with tag 1061,487,0.7,4.35,,9.0,,9.0,,1.0,,25.0,,
21,11,CT,1021,1031,End replaced with tag 1061,488,0.71,2.36,,2.0,,7.0,,0.0,,0.0,,
21,11,CT,1021,1031,End replaced with tag 1061,489,0.71,4.61,,2.0,,10.0,,0.0,,0.0,,
21,11,CT,1021,1031,End replaced with tag 1061,490,0.72,2.27,,5.0,,9.0,,1.0,,1.0,,
21,11,CT,1021,1031,End replaced with tag 1061,491,0.75,1.76,,2.0,,13.0,,0.0,,0.0,,
21,11,CT,1021,1031,End replaced with tag 1061,492,0.77,4.4,,2.0,,4.0,,0.0,,0.0,,
21,11,CT,1021,1031,End replaced with tag 1061,493,0.78,2.31,,2.0,,10.0,,0.0,,0.0,,
21,11,CT,1021,1031,End replaced with tag 1061,494,0.78,2.42,,3.0,,13.0,,0.0,,0.0,,
21,11,CT,1021,1031,End replaced with tag 1061,495,0.79,0.73,,3.0,,13.0,,0.0,,0.0,,
21,11,CT,1021,1031,End replaced with tag 1061,496,0.84,2.75,,2.0,,6.0,,0.0,,0.0,,
21,11,CT,1021,1031,End replaced with tag 1061,497,0.88,3.62,,4.0,,14.0,,0.0,,0.0,,
21,11,CT,1021,1031,End replaced with tag 1061,498,0.9,0.01,,6.0,,12.0,,1.0,,4.0,,
21,11,CT,1021,1031,End replaced with tag 1061,499,0.92,2.59,,4.0,,7.0,,0.0,,0.0,,
21,11,CT,1021,1031,End replaced with tag 1061,500,0.94,1.46,,2.0,,4.0,,0.0,,0.0,,
21,11,CT,1021,1031,End replaced with tag 1061,501,0.95,3.18,,2.0,,12.0,,0.0,,0.0,,
21,11,CT,1021,1031,End replaced with tag 1061,502,0.99,2.3,,3.0,,15.0,,0.0,,0.0,,
Recorded By,,,,,,,,,,,,,,,,,,
Date,,,,,,,,,,,,,,,,,,
transectId,block,type_CT_TT,originTagNum,end5mTagNum,comments,plantID,x,y,height_Spring23,height_Fall23,width_Spring23,width_Fall23,repro_Spring23,repro_Fall23,numRep_Spring23,numRep_Fall23,notes_Spring23,notes_Fall23
22,11,TT,1157,1046,,503,0.13,2.14,11.2,0.0,15.0,0.0,1.0,0.0,15.0,0.0,,
22,11,TT,1157,1046,,504,0.14,0.21,,4.0,,6.5,,0.0,,0.0,,
22,11,TT,1157,1046,,505,0.15,0.15,,3.5,,7.0,,0.0,,0.0,,
22,11,TT,1157,1046,,506,0.19,0.1,,3.0,,6.5,,0.0,,0.0,,
22,11,TT,1157,1046,,507,0.21,3.25,5.9,0.0,7.5,0.0,1.0,0.0,18.0,0.0,,
22,11,TT,1157,1046,,508,0.25,0.25,,13.0,,7.5,,1.0,,7.0,,
22,11,TT,1157,1046,,509,0.25,1.25,,12.0,,5.0,,1.0,,10.0,,
22,11,TT,1157,1046,,510,0.25,2.25,9.0,0.0,6.5,0.0,1.0,0.0,0.0,0.0,,
22,11,TT,1157,1046,,511,0.25,4.25,7.0,0.0,7.0,0.0,1.0,0.0,0.0,0.0,,
22,11,TT,1157,1046,,512,0.44,1.1,,3.5,,9.0,,0.0,,0.0,,
22,11,TT,1157,1046,,513,0.47,0.81,6.3,0.0,4.2,0.0,1.0,0.0,5.0,0.0,,
22,11,TT,1157,1046,,514,0.47,0.82,6.4,0.0,3.8,0.0,1.0,0.0,0.0,0.0,,
22,11,TT,1157,1046,,515,0.48,4.11,5.0,0.0,5.7,0.0,0.0,0.0,0.0,0.0,,
22,11,TT,1157,1046,,516,0.53,2.12,9.5,0.0,10.0,0.0,1.0,0.0,24.0,0.0,,
22,11,TT,1157,1046,,517,0.61,2.05,8.1,0.0,11.0,0.0,1.0,0.0,0.0,0.0,,
22,11,TT,1157,1046,,518,0.68,2.06,,6.5,,10.0,,0.0,,1.0,,
22,11,TT,1157,1046,,519,0.72,1.93,4.2,0.0,3.5,0.0,0.0,0.0,0.0,0.0,,
22,11,TT,1157,1046,,520,0.735,1.94,3.9,0.0,3.4,0.0,0.0,0.0,0.0,0.0,,
22,11,TT,1157,1046,,521,0.75,0.75,,11.0,,7.0,,1.0,,48.0,,
22,11,TT,1157,1046,,522,0.75,1.75,9.3,0.0,6.6,0.0,1.0,0.0,2.0,0.0,,
22,11,TT,1157,1046,,523,0.75,2.75,,5.5,,12.0,,0.0,,0.0,,
22,11,TT,1157,1046,,524,0.75,3.75,3.2,0.0,1.7,0.0,0.0,0.0,0.0,0.0,,
22,11,TT,1157,1046,,525,0.75,4.75,,6.5,,8.5,,0.0,,0.0,,
Recorded By,,,,,,,,,,,,,,,,,,
Date,,,,,,,,,,,,,,,,,,
transectId,block,type_CT_TT,originTagNum,end5mTagNum,comments,plantID,x,y,height_Spring23,height_Fall23,width_Spring23,width_Fall23,repro_Spring23,repro_Fall23,numRep_Spring23,numRep_Fall23,notes_Spring23,notes_Fall23
23,12,CT,1447,1104,,526,0.0,0.78,,6.0,,10.0,,1.0,,20.0,,
23,12,CT,1447,1104,,527,0.0,2.19,,3.0,,6.0,,0.0,,0.0,,
23,12,CT,1447,1104,,528,0.01,2.41,,7.0,,20.0,,1.0,,4.0,,
23,12,CT,1447,1104,,529,0.02,0.11,,3.0,,7.0,,0.0,,0.0,,
23,12,CT,1447,1104,,530,0.08,1.95,,3.0,,13.0,,0.0,,0.0,,
23,12,CT,1447,1104,,531,0.1,0.8,,7.0,,11.0,,1.0,,8.0,,
23,12,CT,1447,1104,,532,0.1,2.19,,8.0,,13.0,,1.0,,10.0,,
23,12,CT,1447,1104,,533,0.11,0.08,,2.0,,6.0,,0.0,,0.0,,
23,12,CT,1447,1104,,534,0.11,2.88,,1.0,,5.0,,0.0,,0.0,,
23,12,CT,1447,1104,,535,0.11,4.6,,3.0,,15.0,,1.0,,2.0,,
23,12,CT,1447,1104,,536,0.12,2.78,,1.0,,13.0,,0.0,,0.0,,
23,12,CT,1447,1104,,537,0.2,3.78,,1.0,,2.0,,0.0,,0.0,,
23,12,CT,1447,1104,,538,0.2,3.85,,2.0,,2.0,,0.0,,0.0,,
23,12,CT,1447,1104,,539,0.27,0.75,,6.0,,13.0,,1.0,,17.0,,
23,12,CT,1447,1104,,540,0.33,1.59,,3.0,,10.0,,0.0,,0.0,,
23,12,CT,1447,1104,,541,0.35,0.71,,1.0,,6.0,,0.0,,0.0,,
23,12,CT,1447,1104,,542,0.39,2.14,,3.0,,12.0,,0.0,,0.0,,
23,12,CT,1447,1104,,543,0.45,2.05,,5.0,,8.0,,1.0,,0.0,,
23,12,CT,1447,1104,,544,0.48,2.45,,9.0,,14.0,,1.0,,6.0,,
23,12,CT,1447,1104,,545,0.48,2.6,,5.0,,13.0,,1.0,,7.0,,
23,12,CT,1447,1104,,546,0.51,3.85,,10.0,,15.0,,1.0,,31.0,,
23,12,CT,1447,1104,,547,0.54,1.17,,1.0,,2.0,,0.0,,0.0,,
23,12,CT,1447,1104,,548,0.54,2.06,,2.0,,4.0,,0.0,,0.0,,
23,12,CT,1447,1104,,549,0.56,0.55,,3.0,,13.0,,0.0,,0.0,,
23,12,CT,1447,1104,,550,0.6,0.72,,2.0,,2.0,,0.0,,0.0,,
23,12,CT,1447,1104,,551,0.63,1.71,,3.0,,10.0,,0.0,,0.0,,
23,12,CT,1447,1104,,552,0.63,1.99,,2.0,,8.0,,0.0,,0.0,,
23,12,CT,1447,1104,,553,0.67,4.1,,8.0,,8.0,,1.0,,4.0,,
23,12,CT,1447,1104,,554,0.68,4.36,,4.0,,7.0,,0.0,,0.0,,
23,12,CT,1447,1104,,555,0.7,0.72,,2.0,,9.0,,0.0,,0.0,,
23,12,CT,1447,1104,,556,0.71,1.65,,5.0,,11.0,,1.0,,0.0,,
23,12,CT,1447,1104,,557,0.74,0.53,,2.0,,3.0,,0.0,,0.0,,
23,12,CT,1447,1104,,558,0.74,1.37,,1.0,,3.0,,0.0,,0.0,,
23,12,CT,1447,1104,,559,0.75,4.2,,9.0,,11.0,,1.0,,11.0,,
23,12,CT,1447,1104,,560,0.76,1.0,,5.0,,13.0,,1.0,,2.0,,
23,12,CT,1447,1104,,561,0.76,1.6,,3.0,,6.0,,0.0,,0.0,,
23,12,CT,1447,1104,,562,0.77,3.05,,2.0,,3.0,,0.0,,0.0,,
23,12,CT,1447,1104,,563,0.79,2.58,,3.0,,4.0,,0.0,,0.0,,
23,12,CT,1447,1104,,564,0.81,1.05,,3.0,,3.0,,0.0,,0.0,,
23,12,CT,1447,1104,,565,0.83,0.7,,3.0,,2.0,,0.0,,0.0,,
23,12,CT,1447,1104,,566,0.85,1.22,,11.0,,11.0,,1.0,,28.0,,
23,12,CT,1447,1104,,567,0.86,1.6,,2.0,,2.0,,0.0,,0.0,,
23,12,CT,1447,1104,,568,0.9,2.07,,1.0,,12.0,,0.0,,0.0,,
Recorded By,,,,,,,,,,,,,,,,,,
Date,,,,,,,,,,,,,,,,,,
transectId,block,type_CT_TT,originTagNum,end5mTagNum,comments,plantID,x,y,height_Spring23,height_Fall23,width_Spring23,width_Fall23,repro_Spring23,repro_Fall23,numRep_Spring23,numRep_Fall23,notes_Spring23,notes_Fall23
24,12,TT,1067,1136,,569,0.12,3.8,6.4,0.0,13.0,0.0,0.0,0.0,0.0,0.0,,
24,12,TT,1067,1136,,570,0.2,1.25,4.7,4.7,4.5,5.0,0.0,0.0,0.0,0.0,,check real height
24,12,TT,1067,1136,,571,0.25,0.25,,11.0,,5.0,,1.0,,42.0,,
24,12,TT,1067,1136,,572,0.25,2.25,8.5,8.5,9.0,10.2,1.0,1.0,10.0,5.0,,check real height
24,12,TT,1067,1136,,573,0.25,3.25,6.1,6.1,2.0,7.0,0.0,0.0,0.0,0.0,,check real height
24,12,TT,1067,1136,,574,0.25,4.25,6.8,6.8,8.0,11.5,1.0,0.0,6.0,0.0,,y closer to 2.82
24,12,TT,1067,1136,,575,0.49,3.05,5.5,0.0,4.5,0.0,1.0,0.0,0.0,0.0,,
24,12,TT,1067,1136,,576,0.55,2.35,7.1,0.0,4.5,0.0,1.0,0.0,0.0,0.0,,
24,12,TT,1067,1136,,577,0.57,3.15,10.7,0.0,10.0,0.0,1.0,0.0,0.0,0.0,,
24,12,TT,1067,1136,,578,0.75,0.75,,6.0,,7.5,,1.0,,7.0,,
24,12,TT,1067,1136,,579,0.75,1.75,,10.5,,6.5,,1.0,,7.0,,
24,12,TT,1067,1136,,580,0.75,2.75,3.5,3.5,3.2,5.3,0.0,0.0,0.0,0.0,,check real height
24,12,TT,1067,1136,,581,0.75,3.75,,11.0,,10.0,,1.0,,18.0,,
24,12,TT,1067,1136,,582,0.75,4.75,,10.0,,7.0,,1.0,,5.0,,
Recorded By,,,,,,,,,,,,,,,,,,
Date,,,,,,,,,,,,,,,,,,
transectId,block,type_CT_TT,originTagNum,end5mTagNum,comments,plantID,x,y,height_Spring23,height_Fall23,width_Spring23,width_Fall23,repro_Spring23,repro_Fall23,numRep_Spring23,numRep_Fall23,notes_Spring23,notes_Fall23
25,13,CT,1062,1140,,583,0.24,3.48,,2.0,,8.0,,0.0,,0.0,,
25,13,CT,1062,1140,,584,0.47,2.8,,1.0,,6.0,,0.0,,0.0,,
25,13,CT,1062,1140,,585,0.48,4.0,,1.0,,9.0,,0.0,,0.0,,
25,13,CT,1062,1140,,586,0.49,2.96,,2.0,,8.0,,0.0,,0.0,,
25,13,CT,1062,1140,,587,0.5,1.4,,4.0,,6.0,,1.0,,4.0,,
25,13,CT,1062,1140,,588,0.5,3.68,,3.0,,5.0,,0.0,,0.0,,
25,13,CT,1062,1140,,589,0.53,2.9,,2.0,,3.0,,0.0,,0.0,,
25,13,CT,1062,1140,,590,0.54,3.88,,6.0,,12.0,,0.0,,8.0,,
25,13,CT,1062,1140,,591,0.56,3.51,,3.0,,5.0,,0.0,,0.0,,
25,13,CT,1062,1140,,592,0.56,4.79,,7.0,,12.0,,1.0,,5.0,,
25,13,CT,1062,1140,,593,0.62,3.29,,2.0,,10.0,,0.0,,0.0,,
25,13,CT,1062,1140,,594,0.68,4.11,,6.0,,11.0,,1.0,,2.0,,
25,13,CT,1062,1140,,595,0.71,1.49,,5.0,,7.0,,1.0,,21.0,,
25,13,CT,1062,1140,,596,0.71,2.78,,2.0,,6.0,,0.0,,0.0,,
25,13,CT,1062,1140,,597,0.71,3.97,,2.0,,12.0,,0.0,,0.0,,
25,13,CT,1062,1140,,598,0.72,3.45,,2.0,,3.0,,0.0,,0.0,,
25,13,CT,1062,1140,,599,0.81,1.81,,9.0,,15.0,,1.0,,20.0,,
25,13,CT,1062,1140,,600,0.82,4.82,,5.0,,16.0,,1.0,,6.0,,
25,13,CT,1062,1140,,601,0.86,2.65,,7.0,,18.0,,0.0,,0.0,,
25,13,CT,1062,1140,,602,0.96,4.1,,9.0,,11.0,,1.0,,14.0,,
25,13,CT,1062,1140,,603,0.97,2.95,,9.0,,10.0,,1.0,,22.0,,
Recorded By,,,,,,,,,,,,,,,,,,
Date,,,,,,,,,,,,,,,,,,
transectId,block,type_CT_TT,originTagNum,end5mTagNum,comments,plantID,x,y,height_Spring23,height_Fall23,width_Spring23,width_Fall23,repro_Spring23,repro_Fall23,numRep_Spring23,numRep_Fall23,notes_Spring23,notes_Fall23
26,13,TT,1405,1010,,604,0.055,0.1,5.6,5.0,4.4,10.0,0.0,0.0,0.0,0.0,,
26,13,TT,1405,1010,,605,0.08,0.1,3.6,5.5,4.7,7.0,0.0,0.0,0.0,0.0,,
26,13,TT,1405,1010,,606,0.22,1.78,6.2,9.0,10.3,10.0,1.0,1.0,0.0,9.0,last year flower stem,
26,13,TT,1405,1010,,607,0.25,0.25,,6.0,,6.2,,1.0,,5.0,,
26,13,TT,1405,1010,,608,0.25,1.25,5.5,5.0,7.3,7.0,0.0,1.0,0.0,6.0,,
26,13,TT,1405,1010,,609,0.25,2.25,,9.5,,12.0,,1.0,,3.0,,
26,13,TT,1405,1010,,610,0.25,3.17,4.7,0.0,7.6,0.0,0.0,0.0,0.0,0.0,,
26,13,TT,1405,1010,,611,0.25,4.25,,6.0,,4.5,,1.0,,2.0,,
26,13,TT,1405,1010,,612,0.28,0.105,6.2,0.0,4.5,0.0,0.0,0.0,0.0,0.0,,
26,13,TT,1405,1010,,613,0.66,0.07,3.9,0.0,4.2,0.0,0.0,0.0,0.0,0.0,shrub in way,
26,13,TT,1405,1010,,614,0.75,0.75,,2.5,,3.0,,0.0,,0.0,,
26,13,TT,1405,1010,,615,0.75,1.75,6.0,3.5,11.0,7.0,0.0,0.0,0.0,0.0,two plants?,
26,13,TT,1405,1010,,616,0.75,2.75,8.4,6.5,9.8,8.0,1.0,0.0,0.0,0.0,,
26,13,TT,1405,1010,,617,0.75,3.75,3.2,3.0,4.8,6.0,0.0,0.0,0.0,0.0,,
26,13,TT,1405,1010,,618,0.75,4.75,,7.5,,4.8,,1.0,,10.0,,fallen pods
Recorded By,,,,,,,,,,,,,,,,,,
Date,,,,,,,,,,,,,,,,,,
transectId,block,type_CT_TT,originTagNum,end5mTagNum,comments,plantID,x,y,height_Spring23,height_Fall23,width_Spring23,width_Fall23,repro_Spring23,repro_Fall23,numRep_Spring23,numRep_Fall23,notes_Spring23,notes_Fall23
27,14,CT,292,1016,,619,0.05,1.33,,4.0,,8.0,,0.0,,0.0,,
27,14,CT,292,1016,,620,0.15,0.01,,5.0,,7.0,,1.0,,5.0,,
27,14,CT,292,1016,,621,0.21,1.49,,7.0,,9.0,,1.0,,2.0,,
27,14,CT,292,1016,,622,0.25,1.44,,2.0,,3.0,,0.0,,0.0,,
27,14,CT,292,1016,,623,0.26,1.24,,2.0,,10.0,,0.0,,0.0,,
27,14,CT,292,1016,,624,0.39,2.88,,3.0,,10.0,,0.0,,0.0,,
27,14,CT,292,1016,,625,0.44,0.74,,7.0,,8.0,,1.0,,3.0,,
27,14,CT,292,1016,,626,0.46,3.09,,3.0,,9.0,,0.0,,0.0,,
27,14,CT,292,1016,,627,0.51,3.5,,5.0,,13.0,,0.0,,0.0,,
27,14,CT,292,1016,,628,0.57,3.6,,6.0,,13.0,,1.0,,3.0,,
27,14,CT,292,1016,,629,0.58,2.6,,5.0,,12.0,,0.0,,0.0,,
Recorded By,,,,,,,,,,,,,,,,,,
Date,,,,,,,,,,,,,,,,,,
transectId,block,type_CT_TT,originTagNum,end5mTagNum,comments,plantID,x,y,height_Spring23,height_Fall23,width_Spring23,width_Fall23,repro_Spring23,repro_Fall23,numRep_Spring23,numRep_Fall23,notes_Spring23,notes_Fall23
28,14,TT,1087,1083,,630,0.25,1.25,,14.0,,9.0,,1.0,,4.0,,
28,14,TT,1087,1083,,631,0.25,2.25,,4.0,,6.5,,0.0,,0.0,,
28,14,TT,1087,1083,,632,0.25,3.25,,10.0,,6.5,,0.0,,0.0,,
28,14,TT,1087,1083,,633,0.25,4.25,5.8,0.0,7.7,0.0,1.0,0.0,1.0,0.0,dead 0626,dead
28,14,TT,1087,1083,,634,0.4,0.42,3.5,0.0,4.0,0.0,0.0,0.0,0.0,0.0,dead 0626,dead
28,14,TT,1087,1083,,635,0.75,0.75,,4.1,,8.0,,0.0,,0.0,,
28,14,TT,1087,1083,,636,0.75,1.75,4.0,0.0,5.3,0.0,0.0,0.0,0.0,0.0,,dead
28,14,TT,1087,1083,,637,0.75,2.75,,6.0,,10.0,,1.0,,0.0,,
28,14,TT,1087,1083,,638,0.75,3.75,3.6,3.0,3.5,5.0,0.0,0.0,0.0,0.0,,
28,14,TT,1087,1083,,639,0.75,4.75,2.5,0.0,1.5,0.0,0.0,0.0,0.0,0.0,dead 0626,dead
Recorded By,,,,,,,,,,,,,,,,,,
Date,,,,,,,,,,,,,,,,,,
transectId,block,type_CT_TT,originTagNum,end5mTagNum,comments,plantID,x,y,height_Spring23,height_Fall23,width_Spring23,width_Fall23,repro_Spring23,repro_Fall23,numRep_Spring23,numRep_Fall23,notes_Spring23,notes_Fall23
29,15,CT,1418,1096,,640,0.1,0.76,,2.0,,9.0,,0.0,,0.0,,
29,15,CT,1418,1096,,641,0.17,0.86,,3.0,,7.5,,0.0,,0.0,,
29,15,CT,1418,1096,,642,0.24,0.77,,3.0,,10.0,,0.0,,0.0,,
29,15,CT,1418,1096,,643,0.3,4.22,,2.0,,10.0,,0.0,,0.0,,
29,15,CT,1418,1096,,644,0.4,3.6,,9.0,,8.0,,1.0,,4.0,,
29,15,CT,1418,1096,,645,0.42,1.55,,5.0,,6.0,,1.0,,5.0,,
29,15,CT,1418,1096,,646,0.46,0.12,,4.5,,8.0,,1.0,,0.0,,
29,15,CT,1418,1096,,647,0.46,3.29,,6.0,,9.0,,1.0,,8.0,,
29,15,CT,1418,1096,,648,0.48,1.67,,6.0,,7.0,,0.0,,0.0,,
29,15,CT,1418,1096,,649,0.49,2.65,,4.0,,15.0,,0.0,,0.0,,
29,15,CT,1418,1096,,650,0.52,3.39,,7.0,,17.0,,1.0,,27.0,,
29,15,CT,1418,1096,,651,0.61,0.46,,3.0,,6.5,,0.0,,0.0,,
29,15,CT,1418,1096,,652,0.71,1.69,,2.0,,10.0,,0.0,,0.0,,
29,15,CT,1418,1096,,653,0.72,0.47,,3.0,,5.0,,0.0,,0.0,,
29,15,CT,1418,1096,,654,0.72,3.6,,1.0,,8.0,,0.0,,0.0,,
29,15,CT,1418,1096,,655,0.75,0.26,,2.5,,4.5,,0.0,,0.0,,
29,15,CT,1418,1096,,656,0.75,1.99,,5.0,,8.0,,0.0,,0.0,,
Recorded By,,,,,,,,,,,,,,,,,,
Date,,,,,,,,,,,,,,,,,,
transectId,block,type_CT_TT,originTagNum,end5mTagNum,comments,plantID,x,y,height_Spring23,height_Fall23,width_Spring23,width_Fall23,repro_Spring23,repro_Fall23,numRep_Spring23,numRep_Fall23,notes_Spring23,notes_Fall23
30,15,TT,1030,1089,,657,0.25,0.25,6.0,6.0,12.1,12.1,0.0,0.0,0.0,0.0,,dead 20230626
30,15,TT,1030,1089,,658,0.25,1.25,,11.0,,8.0,,1.0,,19.0,,
30,15,TT,1030,1089,,659,0.25,2.25,,12.0,,8.0,,1.0,,56.0,,fallen pods
30,15,TT,1030,1089,,660,0.25,3.25,,6.5,,10.2,,0.0,,0.0,,
30,15,TT,1030,1089,,661,0.25,4.25,5.0,5.0,7.3,7.3,0.0,0.0,0.0,0.0,,not found
30,15,TT,1030,1089,,662,0.75,0.75,3.5,3.5,3.2,3.2,0.0,0.0,0.0,0.0,dead 0626,not found
30,15,TT,1030,1089,,663,0.75,1.75,3.9,1.5,3.8,3.0,0.0,0.0,0.0,0.0,,
30,15,TT,1030,1089,,664,0.75,2.75,,8.2,,6.8,,1.0,,6.0,,
30,15,TT,1030,1089,,665,0.75,3.75,,9.0,,7.0,,1.0,,7.0,,
30,15,TT,1030,1089,,666,0.75,4.75,3.5,3.0,4.7,4.0,0.0,0.0,0.0,0.0,,
Recorded By,,,,,,,,,,,,,,,,,,
Date,,,,,,,,,,,,,,,,,,
transectId,block,type_CT_TT,originTagNum,end5mTagNum,comments,plantID,x,y,height_Spring23,height_Fall23,width_Spring23,width_Fall23,repro_Spring23,repro_Fall23,numRep_Spring23,numRep_Fall23,notes_Spring23,notes_Fall23
31,16,CT,1018,1153,,667,0.05,1.72,,8.0,,12.0,,1.0,,21.0,,
31,16,CT,1018,1153,,668,0.18,2.73,,9.0,,14.0,,1.0,,38.0,,
31,16,CT,1018,1153,,669,0.2,0.35,,3.0,,10.0,,0.0,,0.0,,
31,16,CT,1018,1153,,670,0.2,2.2,,4.0,,8.0,,1.0,,3.0,,
31,16,CT,1018,1153,,671,0.24,0.89,,2.0,,6.0,,0.0,,0.0,,
31,16,CT,1018,1153,,672,0.26,0.49,,11.0,,13.0,,1.0,,14.0,,
31,16,CT,1018,1153,,673,0.28,2.46,,4.0,,7.0,,0.0,,0.0,,
31,16,CT,1018,1153,,674,0.29,2.09,,4.0,,10.0,,0.0,,0.0,,
31,16,CT,1018,1153,,675,0.3,1.99,,1.0,,11.0,,0.0,,0.0,,
31,16,CT,1018,1153,,676,0.32,0.75,,2.0,,9.0,,0.0,,0.0,,
31,16,CT,1018,1153,,677,0.32,0.94,,3.0,,8.0,,0.0,,0.0,,
31,16,CT,1018,1153,,678,0.32,2.55,,3.0,,5.0,,0.0,,0.0,,
31,16,CT,1018,1153,,679,0.33,1.52,,10.0,,14.0,,1.0,,22.0,,
31,16,CT,1018,1153,,680,0.37,1.65,,3.0,,9.0,,1.0,,7.0,,
31,16,CT,1018,1153,,681,0.38,2.39,,13.0,,16.0,,1.0,,73.0,,
31,16,CT,1018,1153,,682,0.4,0.23,,5.0,,8.0,,1.0,,9.0,,
31,16,CT,1018,1153,,683,0.41,2.81,,2.0,,6.0,,0.0,,0.0,,
31,16,CT,1018,1153,,684,0.42,2.13,,6.0,,12.0,,0.0,,0.0,,
31,16,CT,1018,1153,,685,0.44,0.55,,6.0,,8.0,,1.0,,8.0,,
31,16,CT,1018,1153,,686,0.45,2.05,,10.0,,8.0,,1.0,,13.0,,
31,16,CT,1018,1153,,687,0.53,1.53,,7.0,,6.0,,1.0,,7.0,,
31,16,CT,1018,1153,,688,0.54,1.71,,6.0,,11.0,,1.0,,6.0,,
31,16,CT,1018,1153,,689,0.58,1.02,,3.0,,7.0,,0.0,,0.0,,
31,16,CT,1018,1153,,690,0.63,0.01,,3.0,,8.5,,0.0,,0.0,,
31,16,CT,1018,1153,,691,0.72,1.71,,10.0,,16.0,,1.0,,15.0,,
31,16,CT,1018,1153,,692,0.76,1.19,,10.0,,10.0,,1.0,,8.0,,
31,16,CT,1018,1153,,693,0.89,0.19,,6.0,,10.0,,1.0,,6.0,,
Recorded By,,,,,,,,,,,,,,,,,,
Date,,,,,,,,,,,,,,,,,,
transectId,block,type_CT_TT,originTagNum,end5mTagNum,comments,plantID,x,y,height_Spring23,height_Fall23,width_Spring23,width_Fall23,repro_Spring23,repro_Fall23,numRep_Spring23,numRep_Fall23,notes_Spring23,notes_Fall23
32,16,TT,1071,1068,,694,0.22,1.27,,3.0,,6.0,,0.0,,0.0,,
32,16,TT,1071,1068,,695,0.25,0.25,4.0,0.0,4.5,0.0,0.0,0.0,0.0,0.0,dead 0626,dead
32,16,TT,1071,1068,,696,0.25,1.25,5.1,3.0,3.7,3.5,0.0,0.0,0.0,0.0,,
32,16,TT,1071,1068,,697,0.25,2.25,,3.5,,6.5,,0.0,,0.0,,
32,16,TT,1071,1068,,698,0.25,3.25,4.9,4.0,4.5,6.0,0.0,0.0,0.0,0.0,,
32,16,TT,1071,1068,,699,0.25,4.45,7.0,7.0,8.7,8.7,0.0,0.0,0.0,0.0,,
32,16,TT,1071,1068,,700,0.29,3.27,,4.0,,6.0,,0.0,,0.0,,
32,16,TT,1071,1068,,701,0.29,4.27,,4.5,,5.0,,0.0,,0.0,,
32,16,TT,1071,1068,,702,0.75,0.75,,11.0,,15.0,,1.0,,8.0,,
32,16,TT,1071,1068,,703,0.75,1.75,,6.5,,12.0,,1.0,,3.0,,
32,16,TT,1071,1068,,704,0.75,2.75,,9.5,,11.0,,1.0,,4.0,,
32,16,TT,1071,1068,,705,0.75,3.75,,8.0,,6.0,,1.0,,17.0,,
32,16,TT,1071,1068,,706,0.75,4.75,7.0,7.0,6.5,12.5,0.0,0.0,0.0,0.0,,
Recorded By,,,,,,,,,,,,,,,,,,
Date,,,,,,,,,,,,,,,,,,
transectId,block,type_CT_TT,originTagNum,end5mTagNum,comments,plantID,x,y,height_Spring23,height_Fall23,width_Spring23,width_Fall23,repro_Spring23,repro_Fall23,numRep_Spring23,numRep_Fall23,notes_Spring23,notes_Fall23
33,17,CT,1027,1148,,707,0.04,1.0,,13.0,,20.0,,1.0,,30.0,,
33,17,CT,1027,1148,,708,0.07,4.88,,5.0,,8.0,,1.0,,8.0,,
33,17,CT,1027,1148,,709,0.12,2.66,,5.0,,13.0,,0.0,,0.0,,
33,17,CT,1027,1148,,710,0.18,3.9,,6.0,,4.0,,1.0,,3.0,,
33,17,CT,1027,1148,,711,0.22,3.8,,8.0,,7.0,,1.0,,6.0,,
33,17,CT,1027,1148,,712,0.26,0.6,,12.0,,11.0,,1.0,,14.0,,
33,17,CT,1027,1148,,713,0.33,4.9,,3.0,,7.0,,0.0,,0.0,,
33,17,CT,1027,1148,,714,0.36,0.44,,7.0,,8.0,,1.0,,9.0,,
33,17,CT,1027,1148,,715,0.43,2.33,,9.0,,10.0,,1.0,,10.0,,
33,17,CT,1027,1148,,716,0.44,4.96,,4.0,,10.0,,0.0,,0.0,,
33,17,CT,1027,1148,,717,0.45,0.38,,11.0,,14.0,,1.0,,5.0,,
33,17,CT,1027,1148,,718,0.64,1.13,,13.0,,18.0,,1.0,,28.0,,
33,17,CT,1027,1148,,719,0.66,4.85,,4.0,,12.0,,0.0,,0.0,,
33,17,CT,1027,1148,,720,0.69,2.19,,5.0,,13.0,,1.0,,20.0,,
33,17,CT,1027,1148,,721,0.7,0.85,,4.0,,5.0,,0.0,,0.0,,
33,17,CT,1027,1148,,722,0.7,1.44,,6.0,,10.0,,1.0,,20.0,,
33,17,CT,1027,1148,,723,0.71,1.03,,6.0,,8.0,,0.0,,0.0,,
33,17,CT,1027,1148,,724,0.81,0.89,,3.0,,7.0,,0.0,,0.0,,
33,17,CT,1027,1148,,725,0.82,4.45,,3.0,,10.0,,0.0,,0.0,,
33,17,CT,1027,1148,,726,0.83,1.29,,7.0,,10.0,,1.0,,5.0,,
33,17,CT,1027,1148,,727,0.92,0.8,,4.0,,8.0,,0.0,,0.0,,
33,17,CT,1027,1148,,728,0.97,4.23,,5.0,,7.0,,1.0,,8.0,,
Recorded By,,,,,,,,,,,,,,,,,,
Date,,,,,,,,,,,,,,,,,,
transectId,block,type_CT_TT,originTagNum,end5mTagNum,comments,plantID,x,y,height_Spring23,height_Fall23,width_Spring23,width_Fall23,repro_Spring23,repro_Fall23,numRep_Spring23,numRep_Fall23,notes_Spring23,notes_Fall23
34,17,TT,1008,1082,,729,0.07,0.95,3.2,0.0,3.0,0.0,0.0,0.0,0.0,0.0,,
34,17,TT,1008,1082,,730,0.16,0.35,,2.0,,6.0,,0.0,,0.0,,
34,17,TT,1008,1082,,731,0.2,0.47,,5.0,,9.0,,0.0,,0.0,,
34,17,TT,1008,1082,,732,0.2,4.13,,8.0,,6.0,,3.0,,0.0,,
34,17,TT,1008,1082,,733,0.25,0.25,6.2,3.0,7.5,3.0,0.0,0.0,0.0,0.0,not good,
34,17,TT,1008,1082,,734,0.25,1.25,3.8,0.0,4.9,0.0,0.0,0.0,0.0,0.0,not good,dead
34,17,TT,1008,1082,,735,0.25,2.25,,7.0,,6.0,,1.0,,18.0,,
34,17,TT,1008,1082,,736,0.25,3.25,4.0,2.0,3.6,0.5,0.0,0.0,0.0,0.0,,
34,17,TT,1008,1082,,737,0.25,4.25,,9.0,,7.5,,1.0,,7.0,,
34,17,TT,1008,1082,,738,0.26,0.87,6.0,6.0,11.0,11.0,1.0,0.0,0.0,0.0,,
34,17,TT,1008,1082,,739,0.31,0.25,5.7,6.0,6.7,10.0,0.0,0.0,0.0,0.0,,
34,17,TT,1008,1082,,740,0.36,0.85,5.0,4.0,6.0,9.0,0.0,0.0,0.0,0.0,,
34,17,TT,1008,1082,,741,0.38,0.01,3.9,4.0,4.6,8.0,0.0,0.0,0.0,0.0,,
34,17,TT,1008,1082,,742,0.39,1.68,4.9,6.0,4.0,11.0,0.0,1.0,0.0,3.0,,
34,17,TT,1008,1082,,743,0.4,1.71,4.3,6.0,4.0,10.0,0.0,1.0,0.0,4.0,,
34,17,TT,1008,1082,,744,0.43,0.05,5.0,5.0,8.5,8.0,0.0,1.0,0.0,5.0,,
34,17,TT,1008,1082,,745,0.43,3.89,6.0,0.0,3.5,0.0,0.0,0.0,0.0,0.0,,
34,17,TT,1008,1082,,746,0.45,3.9,3.2,5.0,4.8,12.0,0.0,0.0,0.0,0.0,,
34,17,TT,1008,1082,,747,0.47,0.3,4.0,3.0,3.5,4.5,0.0,0.0,0.0,0.0,,
34,17,TT,1008,1082,,748,0.49,0.12,3.5,4.0,3.5,8.0,0.0,0.0,0.0,0.0,,
34,17,TT,1008,1082,,749,0.49,0.29,2.1,5.0,2.0,9.0,0.0,0.0,0.0,0.0,,
34,17,TT,1008,1082,,750,0.49,1.05,4.7,3.0,2.9,8.0,0.0,0.0,0.0,0.0,,
34,17,TT,1008,1082,,751,0.5,0.64,3.2,4.0,4.0,5.0,0.0,0.0,0.0,0.0,,
34,17,TT,1008,1082,,752,0.59,0.41,5.0,5.0,7.5,7.0,1.0,1.0,0.0,7.0,last year flower stem,
34,17,TT,1008,1082,,753,0.6,3.75,7.0,4.0,7.0,8.0,1.0,0.0,0.0,0.0,,
34,17,TT,1008,1082,,754,0.65,0.54,6.0,0.0,9.0,0.0,1.0,0.0,0.0,0.0,,
34,17,TT,1008,1082,,755,0.67,0.53,5.0,6.0,8.0,12.0,0.0,1.0,0.0,1.0,,
34,17,TT,1008,1082,,756,0.69,1.4,7.0,0.0,6.8,0.0,1.0,0.0,0.0,0.0,,
34,17,TT,1008,1082,,757,0.7,0.28,3.4,0.0,3.0,0.0,0.0,0.0,0.0,0.0,,
34,17,TT,1008,1082,,758,0.74,3.91,4.6,0.0,5.3,0.0,0.0,0.0,0.0,0.0,,
34,17,TT,1008,1082,,759,0.75,0.75,,5.0,,8.5,,0.0,,0.0,,
34,17,TT,1008,1082,,760,0.75,1.75,,10.2,,9.0,,1.0,,7.0,,
34,17,TT,1008,1082,,761,0.75,2.75,6.0,2.0,4.0,4.0,0.0,0.0,0.0,0.0,,
34,17,TT,1008,1082,,762,0.75,3.75,,4.3,,8.5,,0.0,,0.0,,
34,17,TT,1008,1082,,763,0.75,4.75,4.6,2.0,4.6,0.3,0.0,0.0,0.0,0.0,,
34,17,TT,1008,1082,,764,0.85,1.58,5.0,0.0,4.4,0.0,0.0,0.0,0.0,0.0,,
34,17,TT,1008,1082,,765,1.75,1.75,,9.0,,11.0,,1.0,,6.0,,
Recorded By,,,,,,,,,,,,,,,,,,
Date,,,,,,,,,,,,,,,,,,
transectId,block,type_CT_TT,originTagNum,end5mTagNum,comments,plantID,x,y,height_Spring23,height_Fall23,width_Spring23,width_Fall23,repro_Spring23,repro_Fall23,numRep_Spring23,numRep_Fall23,notes_Spring23,notes_Fall23
35,18,CT,1076,1417,,766,0.03,1.5,,5.0,,9.0,,0.0,,0.0,,
35,18,CT,1076,1417,,767,0.06,0.3,,6.0,,8.0,,0.0,,0.0,,
35,18,CT,1076,1417,,768,0.06,0.55,,3.0,,9.0,,0.0,,0.0,,
35,18,CT,1076,1417,,769,0.07,0.45,,4.0,,5.0,,0.0,,0.0,,
35,18,CT,1076,1417,,770,0.11,1.2,,7.0,,6.0,,0.0,,0.0,,
35,18,CT,1076,1417,,771,0.11,3.0,,3.0,,8.0,,0.0,,0.0,,
35,18,CT,1076,1417,,772,0.12,1.9,,3.0,,6.0,,0.0,,0.0,,
35,18,CT,1076,1417,,773,0.14,0.75,,8.0,,5.0,,1.0,,1.0,,
35,18,CT,1076,1417,,774,0.14,1.6,,2.0,,12.0,,0.0,,0.0,,
35,18,CT,1076,1417,,775,0.16,3.65,,4.0,,9.0,,1.0,,7.0,,
35,18,CT,1076,1417,,776,0.17,0.05,,5.0,,12.0,,0.0,,0.0,,
35,18,CT,1076,1417,,777,0.22,2.7,,6.0,,7.0,,0.0,,0.0,,
35,18,CT,1076,1417,,778,0.23,9.0,,8.0,,9.0,,1.0,,10.0,,
35,18,CT,1076,1417,,779,0.24,1.5,,8.0,,14.0,,0.0,,0.0,,
35,18,CT,1076,1417,,780,0.26,2.11,,6.0,,8.0,,0.0,,0.0,,
35,18,CT,1076,1417,,781,0.27,3.72,,2.0,,6.0,,0.0,,0.0,,
35,18,CT,1076,1417,,782,0.28,2.5,,5.0,,14.0,,0.0,,0.0,,
35,18,CT,1076,1417,,783,0.28,3.52,,6.0,,13.0,,1.0,,11.0,,
35,18,CT,1076,1417,,784,0.28,3.76,,3.0,,9.0,,0.0,,0.0,,
35,18,CT,1076,1417,,785,0.33,0.55,,4.0,,9.0,,0.0,,0.0,,
35,18,CT,1076,1417,,786,0.35,0.3,,4.0,,9.0,,0.0,,0.0,,
35,18,CT,1076,1417,,787,0.36,3.4,,2.0,,5.0,,0.0,,0.0,,
35,18,CT,1076,1417,,788,0.39,0.65,,12.0,,7.0,,1.0,,0.0,,
35,18,CT,1076,1417,,789,0.44,11.0,,4.0,,11.0,,0.0,,0.0,,
35,18,CT,1076,1417,,790,0.45,0.21,,6.0,,7.0,,0.0,,0.0,,
35,18,CT,1076,1417,,791,0.46,4.1,,7.0,,12.0,,0.0,,0.0,,
35,18,CT,1076,1417,,792,0.51,0.25,,6.0,,8.0,,1.0,,9.0,,
35,18,CT,1076,1417,,793,0.56,4.1,,3.0,,7.0,,0.0,,0.0,,
35,18,CT,1076,1417,,794,0.62,1.9,,3.0,,7.0,,0.0,,0.0,,
35,18,CT,1076,1417,,795,0.66,2.11,,2.0,,5.0,,0.0,,0.0,,
35,18,CT,1076,1417,,796,0.67,14.0,,8.0,,14.0,,0.0,,0.0,,
35,18,CT,1076,1417,,797,0.68,2.05,,4.0,,7.0,,0.0,,0.0,,
35,18,CT,1076,1417,,798,0.68,4.2,,9.0,,12.0,,0.0,,0.0,,
35,18,CT,1076,1417,,799,0.68,4.4,,4.0,,6.0,,0.0,,0.0,,
35,18,CT,1076,1417,,800,0.71,0.35,,5.0,,13.0,,0.0,,0.0,,
35,18,CT,1076,1417,,801,0.72,2.81,,3.0,,6.0,,0.0,,0.0,,
35,18,CT,1076,1417,,802,0.75,9.0,,2.0,,9.0,,0.0,,0.0,,
35,18,CT,1076,1417,,803,0.78,2.58,,4.0,,8.0,,0.0,,0.0,,
35,18,CT,1076,1417,,804,0.82,3.95,,5.0,,10.0,,0.0,,0.0,,
35,18,CT,1076,1417,,805,0.82,4.61,,5.0,,14.0,,0.0,,0.0,,
35,18,CT,1076,1417,,806,0.83,3.21,,5.0,,9.0,,0.0,,0.0,,
35,18,CT,1076,1417,,807,0.86,4.3,,2.0,,6.0,,0.0,,0.0,,
35,18,CT,1076,1417,,808,0.89,2.05,,4.0,,9.0,,0.0,,0.0,,
35,18,CT,1076,1417,,809,0.91,3.1,,5.0,,10.0,,1.0,,0.0,,
35,18,CT,1076,1417,,810,0.92,3.25,,11.0,,2.0,,1.0,,9.0,,
35,18,CT,1076,1417,,811,0.92,3.75,,2.0,,8.0,,0.0,,0.0,,
35,18,CT,1076,1417,,812,0.99,4.1,,5.0,,9.0,,0.0,,0.0,,
Recorded By,,,,,,,,,,,,,,,,,,
Date,,,,,,,,,,,,,,,,,,
transectId,block,type_CT_TT,originTagNum,end5mTagNum,comments,plantID,x,y,height_Spring23,height_Fall23,width_Spring23,width_Fall23,repro_Spring23,repro_Fall23,numRep_Spring23,numRep_Fall23,notes_Spring23,notes_Fall23
36,18,TT,1041,1,,813,0.19,1.21,,4.0,,5.0,,1.0,,2.0,,
36,18,TT,1041,1,,814,0.25,0.25,5.0,3.5,6.0,8.0,0.0,0.0,0.0,0.0,,
36,18,TT,1041,1,,815,0.25,1.25,6.0,5.0,6.0,6.0,0.0,1.0,0.0,5.0,last year flower stem,"(0.38, 1.2)"
36,18,TT,1041,1,,816,0.25,2.25,,5.4,,10.2,,0.0,,0.0,,
36,18,TT,1041,1,,817,0.25,3.25,4.0,0.0,4.5,0.0,0.0,0.0,0.0,0.0,dead 0626,
36,18,TT,1041,1,,818,0.25,4.25,,5.5,,8.5,,1.0,,6.0,,fallen pods
36,18,TT,1041,1,,819,0.44,0.67,6.0,,6.0,,0.0,,0.0,,,
36,18,TT,1041,1,,820,0.44,4.9,4.2,5.0,4.9,10.0,0.0,0.0,0.0,0.0,,
36,18,TT,1041,1,,821,0.6,2.75,,5.0,,7.0,,0.0,,0.0,,
36,18,TT,1041,1,,822,0.75,0.82,,4.8,,4.0,,0.0,,0.0,,
36,18,TT,1041,1,,823,0.75,1.75,4.5,3.0,6.0,6.0,0.0,0.0,0.0,0.0,,
36,18,TT,1041,1,,824,0.75,3.75,,11.0,,10.0,,1.0,,19.0,,fallen pods
Recorded By,,,,,,,,,,,,,,,,,,
Date,,,,,,,,,,,,,,,,,,
transectId,block,type_CT_TT,originTagNum,end5mTagNum,comments,plantID,x,y,height_Spring23,height_Fall23,width_Spring23,width_Fall23,repro_Spring23,repro_Fall23,numRep_Spring23,numRep_Fall23,notes_Spring23,notes_Fall23
37,19,CT,1005,1015,,825,0.0,0.91,,8.0,,20.0,,1.0,,14.0,,
37,19,CT,1005,1015,,826,0.01,4.81,,1.0,,4.0,,0.0,,0.0,,
37,19,CT,1005,1015,,827,0.04,4.34,,2.0,,8.0,,0.0,,0.0,,
37,19,CT,1005,1015,,828,0.05,3.09,,1.0,,5.0,,0.0,,0.0,,
37,19,CT,1005,1015,,829,0.08,0.1,,8.0,,14.0,,1.0,,14.0,,
37,19,CT,1005,1015,,830,0.08,2.71,,1.0,,9.0,,0.0,,0.0,,
37,19,CT,1005,1015,,831,0.09,4.12,,1.0,,1.0,,0.0,,0.0,,
37,19,CT,1005,1015,,832,0.1,0.49,,10.0,,16.0,,1.0,,19.0,,
37,19,CT,1005,1015,,833,0.1,1.08,,1.0,,1.0,,0.0,,0.0,,
37,19,CT,1005,1015,,834,0.1,1.13,,1.0,,1.0,,0.0,,0.0,,
37,19,CT,1005,1015,,835,0.12,3.12,,1.0,,6.0,,0.0,,0.0,,
37,19,CT,1005,1015,,836,0.12,4.6,,1.0,,3.0,,0.0,,0.0,,
37,19,CT,1005,1015,,837,0.13,0.95,,2.0,,6.0,,0.0,,0.0,,
37,19,CT,1005,1015,,838,0.13,1.15,,0.1,,2.0,,0.0,,0.0,,
37,19,CT,1005,1015,,839,0.13,3.26,,11.0,,3.0,,1.0,,1.0,,
37,19,CT,1005,1015,,840,0.15,0.31,,1.0,,10.0,,0.0,,0.0,,
37,19,CT,1005,1015,,841,0.16,0.39,,8.0,,10.0,,1.0,,7.0,,
37,19,CT,1005,1015,,842,0.18,3.9,,1.0,,7.0,,0.0,,0.0,,
37,19,CT,1005,1015,,843,0.19,3.5,,1.0,,10.0,,0.0,,0.0,,
37,19,CT,1005,1015,,844,0.2,1.13,,2.0,,13.0,,0.0,,0.0,,
37,19,CT,1005,1015,,845,0.21,0.01,,1.0,,4.0,,0.0,,0.0,,
37,19,CT,1005,1015,,846,0.22,2.32,,4.0,,10.0,,1.0,,6.0,,
37,19,CT,1005,1015,,847,0.22,2.74,,2.0,,4.0,,1.0,,2.0,,
37,19,CT,1005,1015,,848,0.22,3.19,,4.0,,12.0,,1.0,,4.0,,
37,19,CT,1005,1015,,849,0.22,3.76,,1.0,,18.0,,0.0,,0.0,,
37,19,CT,1005,1015,,850,0.23,1.07,,1.0,,1.0,,0.0,,0.0,,
37,19,CT,1005,1015,,851,0.23,3.28,,1.0,,8.0,,0.0,,0.0,,
37,19,CT,1005,1015,,852,0.24,0.29,,1.0,,2.0,,0.0,,0.0,,
37,19,CT,1005,1015,,853,0.24,0.76,,3.0,,11.0,,0.0,,0.0,,
37,19,CT,1005,1015,,854,0.24,1.01,,2.0,,4.0,,0.0,,0.0,,
37,19,CT,1005,1015,,855,0.24,2.59,,1.0,,5.0,,0.0,,0.0,,
37,19,CT,1005,1015,,856,0.24,4.49,,3.0,,12.0,,0.0,,0.0,,
37,19,CT,1005,1015,,857,0.25,3.85,,1.0,,8.0,,0.0,,0.0,,
37,19,CT,1005,1015,,858,0.26,0.36,,9.0,,16.0,,1.0,,12.0,,
37,19,CT,1005,1015,,859,0.26,3.02,,1.0,,9.0,,0.0,,0.0,,
37,19,CT,1005,1015,,860,0.27,3.92,,1.0,,10.0,,0.0,,0.0,,
37,19,CT,1005,1015,,861,0.28,0.97,,2.0,,8.0,,0.0,,0.0,,
37,19,CT,1005,1015,,862,0.29,0.61,,0.5,,1.0,,0.0,,0.0,,
37,19,CT,1005,1015,,863,0.29,1.74,,2.0,,6.0,,0.0,,0.0,,
37,19,CT,1005,1015,,864,0.29,1.88,,7.0,,13.0,,1.0,,9.0,,
37,19,CT,1005,1015,,865,0.29,2.84,,1.0,,18.0,,0.0,,0.0,,
37,19,CT,1005,1015,,866,0.3,2.73,,2.0,,7.0,,0.0,,0.0,,
37,19,CT,1005,1015,,867,0.31,0.66,,1.0,,1.0,,0.0,,0.0,,
37,19,CT,1005,1015,,868,0.32,2.18,,6.0,,7.0,,1.0,,6.0,,
37,19,CT,1005,1015,,869,0.33,0.59,,1.0,,3.0,,0.0,,0.0,,
37,19,CT,1005,1015,,870,0.33,1.46,,8.0,,13.0,,1.0,,6.0,,
37,19,CT,1005,1015,,871,0.33,3.25,,1.0,,4.0,,0.0,,0.0,,
37,19,CT,1005,1015,,872,0.34,2.41,,1.0,,6.0,,0.0,,0.0,,
37,19,CT,1005,1015,,873,0.36,0.96,,2.0,,9.0,,0.0,,0.0,,
37,19,CT,1005,1015,,874,0.36,1.57,,6.0,,13.0,,1.0,,12.0,,
37,19,CT,1005,1015,,875,0.37,1.96,,2.0,,12.0,,0.0,,0.0,,
37,19,CT,1005,1015,,876,0.37,2.36,,1.0,,10.0,,0.0,,0.0,,
37,19,CT,1005,1015,,877,0.37,2.59,,9.0,,10.0,,1.0,,6.0,,
37,19,CT,1005,1015,,878,0.39,2.89,,5.0,,12.0,,1.0,,5.0,,
37,19,CT,1005,1015,,879,0.4,0.81,,10.0,,15.0,,1.0,,25.0,,
37,19,CT,1005,1015,,880,0.4,0.92,,2.0,,8.0,,0.0,,0.0,,
37,19,CT,1005,1015,,881,0.4,2.15,,3.0,,7.0,,0.0,,0.0,,
37,19,CT,1005,1015,,882,0.41,1.3,,8.0,,10.0,,1.0,,25.0,,
37,19,CT,1005,1015,,883,0.42,4.04,,2.0,,1.0,,0.0,,0.0,,
37,19,CT,1005,1015,,884,0.44,1.68,,5.0,,10.0,,1.0,,12.0,,
37,19,CT,1005,1015,,885,0.46,1.37,,2.0,,5.0,,0.0,,0.0,,
37,19,CT,1005,1015,,886,0.47,2.63,,1.0,,10.0,,0.0,,0.0,,
37,19,CT,1005,1015,,887,0.47,3.46,,1.0,,17.0,,0.0,,0.0,,
37,19,CT,1005,1015,,888,0.49,3.82,,2.0,,2.0,,0.0,,0.0,,
37,19,CT,1005,1015,,889,0.51,1.02,,7.0,,10.0,,1.0,,14.0,,
37,19,CT,1005,1015,,890,0.51,1.53,,1.0,,2.0,,0.0,,0.0,,
37,19,CT,1005,1015,,891,0.51,2.7,,1.0,,9.0,,0.0,,0.0,,
37,19,CT,1005,1015,,892,0.52,4.04,,1.0,,1.0,,0.0,,0.0,,
37,19,CT,1005,1015,,893,0.55,3.88,,1.0,,1.0,,0.0,,0.0,,
37,19,CT,1005,1015,,894,0.55,4.47,,6.0,,12.0,,0.0,,0.0,,
37,19,CT,1005,1015,,895,0.57,2.28,,1.0,,10.0,,1.0,,5.0,,
37,19,CT,1005,1015,,896,0.57,3.39,,1.0,,10.0,,0.0,,0.0,,
37,19,CT,1005,1015,,897,0.62,3.25,,1.0,,1.0,,0.0,,0.0,,
37,19,CT,1005,1015,,898,0.65,0.41,,7.0,,11.0,,1.0,,4.0,,
37,19,CT,1005,1015,,899,0.65,3.94,,1.0,,3.0,,0.0,,0.0,,
37,19,CT,1005,1015,,900,0.67,3.19,,1.0,,10.0,,0.0,,0.0,,
37,19,CT,1005,1015,,901,0.69,0.39,,1.0,,3.0,,0.0,,0.0,,
37,19,CT,1005,1015,,902,0.7,3.06,,1.0,,6.0,,0.0,,0.0,,
37,19,CT,1005,1015,,903,0.71,1.79,,2.0,,12.0,,0.0,,0.0,,
37,19,CT,1005,1015,,904,0.71,2.56,,2.0,,9.0,,0.0,,0.0,,
37,19,CT,1005,1015,,905,0.72,2.87,,1.0,,14.0,,0.0,,0.0,,
37,19,CT,1005,1015,,906,0.73,1.31,,2.0,,4.0,,0.0,,0.0,,
37,19,CT,1005,1015,,907,0.75,2.73,,1.0,,2.0,,0.0,,0.0,,
37,19,CT,1005,1015,,908,0.75,3.13,,1.0,,2.0,,0.0,,0.0,,
37,19,CT,1005,1015,,909,0.76,4.6,,1.0,,4.0,,0.0,,0.0,,
37,19,CT,1005,1015,,910,0.77,2.11,,1.0,,11.0,,0.0,,0.0,,
37,19,CT,1005,1015,,911,0.78,3.38,,1.0,,5.0,,0.0,,0.0,,
37,19,CT,1005,1015,,912,0.78,4.1,,1.0,,1.0,,0.0,,0.0,,
37,19,CT,1005,1015,,913,0.8,2.46,,1.0,,1.0,,0.0,,0.0,,
37,19,CT,1005,1015,,914,0.82,1.81,,1.0,,14.0,,0.0,,0.0,,
37,19,CT,1005,1015,,915,0.82,3.83,,3.0,,7.0,,0.0,,0.0,,
37,19,CT,1005,1015,,916,0.85,3.78,,2.0,,3.0,,0.0,,0.0,,
37,19,CT,1005,1015,,917,0.88,2.97,,9.0,,8.0,,1.0,,11.0,,
37,19,CT,1005,1015,,918,0.89,1.98,,2.0,,3.0,,0.0,,0.0,,
37,19,CT,1005,1015,,919,0.9,1.69,,1.0,,9.0,,0.0,,0.0,,
37,19,CT,1005,1015,,920,0.91,1.75,,2.0,,13.0,,0.0,,0.0,,
37,19,CT,1005,1015,,921,0.91,2.52,,1.0,,1.0,,0.0,,0.0,,
37,19,CT,1005,1015,,922,0.91,3.32,,4.0,,12.0,,1.0,,13.0,,
37,19,CT,1005,1015,,923,0.92,2.79,,1.0,,1.0,,0.0,,0.0,,
37,19,CT,1005,1015,,924,0.93,2.7,,2.0,,13.0,,0.0,,0.0,,
37,19,CT,1005,1015,,925,0.94,1.99,,3.0,,3.0,,0.0,,0.0,,
37,19,CT,1005,1015,,926,0.94,2.91,,1.0,,5.0,,0.0,,0.0,,
37,19,CT,1005,1015,,927,16.0,0.05,,1.0,,2.0,,0.0,,0.0,,
Recorded By,,,,,,,,,,,,,,,,,,
Date,,,,,,,,,,,,,,,,,,
transectId,block,type_CT_TT,originTagNum,end5mTagNum,comments,plantID,x,y,height_Spring23,height_Fall23,width_Spring23,width_Fall23,repro_Spring23,repro_Fall23,numRep_Spring23,numRep_Fall23,notes_Spring23,notes_Fall23
38,19,TT,1077,1043,,928,0.0,4.57,4.5,5.0,5.0,7.0,0.0,3.0,0.0,1.0,"under transect tape, last years repro.",
38,19,TT,1077,1043,,929,0.02,2.58,,2.0,,3.0,,0.0,,0.0,,
38,19,TT,1077,1043,,930,0.03,0.85,,1.0,,2.5,,0.0,,0.0,,
38,19,TT,1077,1043,,931,0.03,1.0,,1.0,,2.0,,0.0,,0.0,,
38,19,TT,1077,1043,,932,0.04,3.14,1.0,8.0,2.5,11.0,0.0,1.0,0.0,13.0,,
38,19,TT,1077,1043,,933,0.08,3.79,2.5,0.0,2.0,0.0,0.0,0.0,0.0,0.0,,
38,19,TT,1077,1043,,934,0.1,3.16,2.0,0.0,2.5,0.0,0.0,0.0,0.0,0.0,,
38,19,TT,1077,1043,,935,0.11,3.38,,2.0,,3.0,,0.0,,0.0,,
38,19,TT,1077,1043,,936,0.12,2.46,3.5,4.0,4.5,7.0,0.0,0.0,0.0,0.0,,
38,19,TT,1077,1043,,937,0.13,4.42,5.5,5.0,7.5,11.0,0.0,0.0,0.0,0.0,,
38,19,TT,1077,1043,,938,0.16,0.14,5.3,3.0,6.0,12.0,0.0,0.0,0.0,0.0,last year flower stem,
38,19,TT,1077,1043,,939,0.175,0.1,4.5,2.0,4.0,2.0,0.0,0.0,0.0,0.0,last year flower stem,
38,19,TT,1077,1043,,940,0.19,0.81,3.8,3.0,5.0,8.0,0.0,0.0,0.0,0.0,,
38,19,TT,1077,1043,,941,0.19,3.82,2.0,3.0,4.0,7.0,0.0,0.0,0.0,0.0,,
38,19,TT,1077,1043,,942,0.21,0.4,5.0,0.0,3.0,0.0,0.0,0.0,0.0,0.0,,
38,19,TT,1077,1043,,943,0.22,4.94,2.5,0.0,4.0,0.0,0.0,0.0,0.0,0.0,,
38,19,TT,1077,1043,,944,0.25,0.25,,5.0,,6.4,,0.0,,0.0,,
38,19,TT,1077,1043,,945,0.25,1.41,5.0,3.0,4.2,5.5,0.0,0.0,0.0,0.0,last year flower stem,
38,19,TT,1077,1043,,946,0.25,2.25,,8.5,,8.5,,1.0,,27.0,,
38,19,TT,1077,1043,,947,0.25,3.25,,11.0,,6.5,,1.0,,13.0,,
38,19,TT,1077,1043,,948,0.25,4.25,,9.0,,5.5,,1.0,,13.0,,
38,19,TT,1077,1043,,949,0.27,0.0,4.5,4.0,5.4,12.0,0.0,0.0,0.0,0.0,,
38,19,TT,1077,1043,,950,0.27,2.29,3.0,0.0,4.5,0.0,0.0,0.0,0.0,0.0,,
38,19,TT,1077,1043,,951,0.28,1.55,1.0,1.0,2.5,3.5,0.0,0.0,0.0,0.0,,
38,19,TT,1077,1043,,952,0.28,2.07,5.0,6.0,8.5,12.0,0.0,1.0,0.0,5.0,last year flower stem,
38,19,TT,1077,1043,,953,0.3,4.77,4.5,0.0,8.0,0.0,0.0,0.0,0.0,0.0,last year repro.,
38,19,TT,1077,1043,,954,0.32,1.61,5.0,4.0,5.5,11.0,0.0,0.0,0.0,0.0,,
38,19,TT,1077,1043,,955,0.33,3.6,1.5,0.0,1.5,0.0,0.0,0.0,0.0,0.0,,
38,19,TT,1077,1043,,956,0.34,4.5,5.0,5.0,7.5,8.0,0.0,0.0,0.0,0.0,,
38,19,TT,1077,1043,,957,0.38,3.63,1.0,2.0,1.0,5.0,0.0,0.0,0.0,0.0,,
38,19,TT,1077,1043,,958,0.38,4.81,4.0,0.0,3.0,0.0,0.0,0.0,0.0,0.0,,
38,19,TT,1077,1043,,959,0.39,4.73,4.0,0.0,4.5,0.0,0.0,0.0,0.0,0.0,,
38,19,TT,1077,1043,,960,0.42,1.24,2.0,0.0,3.0,0.0,0.0,0.0,0.0,0.0,,
38,19,TT,1077,1043,,961,0.42,4.57,3.5,3.0,4.0,10.0,0.0,0.0,0.0,0.0,,
38,19,TT,1077,1043,,962,0.45,1.57,5.8,7.0,7.5,10.0,0.0,1.0,0.0,4.0,last year flower stem,
38,19,TT,1077,1043,,963,0.48,0.6,5.0,6.0,7.0,9.0,0.0,1.0,0.0,4.0,,
38,19,TT,1077,1043,,964,0.53,3.61,2.0,2.0,2.5,5.0,0.0,0.0,0.0,0.0,,
38,19,TT,1077,1043,,965,0.55,1.7,,2.0,,5.0,,0.0,,0.0,,
38,19,TT,1077,1043,,966,0.55,3.16,1.5,0.0,3.0,0.0,0.0,0.0,0.0,0.0,,
38,19,TT,1077,1043,,967,0.57,0.28,4.5,4.0,7.0,8.0,0.0,0.0,0.0,0.0,last year flower stem,
38,19,TT,1077,1043,,968,0.57,0.3,4.2,3.0,4.5,7.0,0.0,0.0,0.0,0.0,,
38,19,TT,1077,1043,,969,0.59,0.59,4.0,0.0,7.3,0.0,0.0,0.0,0.0,0.0,,
38,19,TT,1077,1043,,970,0.59,5.0,3.5,0.0,5.5,0.0,0.0,0.0,0.0,0.0,,
38,19,TT,1077,1043,,971,0.64,0.56,2.0,6.0,4.0,6.0,0.0,1.0,0.0,5.0,,
38,19,TT,1077,1043,,972,0.64,3.82,1.0,0.0,1.0,0.0,0.0,0.0,0.0,0.0,,
38,19,TT,1077,1043,,973,0.67,4.12,1.0,0.0,2.0,0.0,0.0,0.0,0.0,0.0,,
38,19,TT,1077,1043,,974,0.67,4.56,4.5,3.0,7.0,12.0,0.0,0.0,0.0,0.0,,
38,19,TT,1077,1043,,975,0.67,5.0,3.0,0.0,4.5,0.0,0.0,0.0,0.0,0.0,,
38,19,TT,1077,1043,,976,0.68,3.15,2.0,0.0,3.5,0.0,0.0,0.0,0.0,0.0,,
38,19,TT,1077,1043,,977,0.7,1.2,3.0,0.0,3.0,0.0,0.0,0.0,0.0,0.0,,
38,19,TT,1077,1043,,978,0.73,0.59,4.5,7.0,5.0,10.0,0.0,1.0,0.0,4.0,,
38,19,TT,1077,1043,,979,0.74,1.72,,3.0,,8.0,,0.0,,0.0,,
38,19,TT,1077,1043,,980,0.74,1.77,,8.0,,8.0,,1.0,,6.0,,
38,19,TT,1077,1043,,981,0.75,0.75,,2.4,,5.5,,0.0,,0.0,,
38,19,TT,1077,1043,,982,0.75,1.75,5.5,3.0,8.2,8.0,0.0,0.0,0.0,0.0,,
38,19,TT,1077,1043,,983,0.75,2.75,5.0,1.0,5.5,3.5,0.0,0.0,0.0,0.0,,
38,19,TT,1077,1043,,984,0.75,3.75,4.5,3.0,3.0,6.0,0.0,0.0,0.0,0.0,,
38,19,TT,1077,1043,,985,0.75,4.75,7.0,4.0,7.0,12.0,0.0,0.0,0.0,0.0,,
38,19,TT,1077,1043,,986,0.79,1.91,2.0,4.0,4.5,6.0,0.0,0.0,0.0,0.0,,
38,19,TT,1077,1043,,987,0.85,1.9,3.0,5.0,3.5,8.0,0.0,0.0,0.0,0.0,,
38,19,TT,1077,1043,,988,0.92,0.53,5.5,6.0,6.0,10.0,0.0,0.0,0.0,0.0,last year flower stem,
38,19,TT,1077,1043,,989,0.92,2.1,2.0,2.0,1.5,5.0,0.0,0.0,0.0,0.0,,
38,19,TT,1077,1043,,990,0.94,4.18,1.5,0.0,1.5,0.0,0.0,0.0,0.0,0.0,,
38,19,TT,1077,1043,,991,0.95,4.61,7.5,0.0,7.0,0.0,0.0,0.0,0.0,0.0,,
38,19,TT,1077,1043,,992,0.99,3.4,3.0,0.0,2.5,0.0,0.0,0.0,0.0,0.0,,
Recorded By,,,,,,,,,,,,,,,,,,
Date,,,,,,,,,,,,,,,,,,
transectId,block,type_CT_TT,originTagNum,end5mTagNum,comments,plantID,x,y,height_Spring23,height_Fall23,width_Spring23,width_Fall23,repro_Spring23,repro_Fall23,numRep_Spring23,numRep_Fall23,notes_Spring23,notes_Fall23
39,20,CT,291,1158,,993,0.09,0.39,,5.0,,13.0,,1.0,,19.0,,
39,20,CT,291,1158,,994,0.09,1.0,,4.0,,7.0,,0.0,,0.0,,
39,20,CT,291,1158,,995,0.09,3.32,,7.0,,6.0,,1.0,,8.0,,
39,20,CT,291,1158,,996,0.14,4.0,,4.0,,9.0,,0.0,,0.0,,
39,20,CT,291,1158,,997,0.15,4.15,,9.0,,15.0,,1.0,,27.0,,
39,20,CT,291,1158,,998,0.19,3.12,,2.0,,12.0,,0.0,,0.0,,
39,20,CT,291,1158,,999,0.21,1.96,,4.0,,9.0,,0.0,,0.0,,
39,20,CT,291,1158,,1000,0.25,1.92,,6.0,,13.0,,0.0,,0.0,,
39,20,CT,291,1158,,1001,0.28,3.79,,4.0,,12.0,,0.0,,0.0,,
39,20,CT,291,1158,,1002,0.3,0.99,,3.0,,12.0,,0.0,,0.0,,
39,20,CT,291,1158,,1003,0.32,1.35,,1.5,,2.0,,0.0,,0.0,,
39,20,CT,291,1158,,1004,0.33,3.05,,7.0,,14.0,,0.0,,0.0,,
39,20,CT,291,1158,,1005,0.37,0.95,,4.0,,9.0,,1.0,,7.0,,
39,20,CT,291,1158,,1006,0.43,0.9,,5.0,,9.0,,0.0,,0.0,,
39,20,CT,291,1158,,1007,0.48,0.56,,6.0,,12.0,,1.0,,15.0,,
39,20,CT,291,1158,,1008,0.49,3.0,,10.0,,15.0,,1.0,,13.0,,
39,20,CT,291,1158,,1009,0.51,0.67,,5.0,,13.0,,1.0,,8.0,,
39,20,CT,291,1158,,1010,0.59,0.35,,6.0,,10.0,,0.0,,0.0,,
39,20,CT,291,1158,,1011,0.72,0.47,,5.0,,6.0,,1.0,,5.0,,
39,20,CT,291,1158,,1012,0.73,0.96,,2.0,,8.0,,1.0,,3.0,,
39,20,CT,291,1158,,1013,0.73,3.4,,4.0,,6.0,,0.0,,0.0,,
39,20,CT,291,1158,,1014,0.75,0.75,,8.0,,12.0,,0.0,,0.0,,
39,20,CT,291,1158,,1015,0.78,0.25,,6.0,,8.0,,0.0,,0.0,,
39,20,CT,291,1158,,1016,0.81,2.71,,5.0,,8.0,,0.0,,0.0,,
39,20,CT,291,1158,,1017,0.84,2.55,,6.0,,8.0,,1.0,,6.0,,
39,20,CT,291,1158,,1018,0.88,0.28,,4.0,,9.0,,0.0,,0.0,,
39,20,CT,291,1158,,1019,0.88,3.55,,6.0,,10.0,,0.0,,0.0,,
39,20,CT,291,1158,,1020,0.89,0.76,,4.0,,13.0,,0.0,,0.0,,
Recorded By,,,,,,,,,,,,,,,,,,
Date,,,,,,,,,,,,,,,,,,
transectId,block,type_CT_TT,originTagNum,end5mTagNum,comments,plantID,x,y,height_Spring23,height_Fall23,width_Spring23,width_Fall23,repro_Spring23,repro_Fall23,numRep_Spring23,numRep_Fall23,notes_Spring23,notes_Fall23
40,20,TT,1017,1073,,1021,0.03,3.67,6.0,9.0,11.0,10.0,1.0,1.0,0.0,29.0,,
40,20,TT,1017,1073,,1022,0.09,4.79,,5.0,,6.0,,1.0,,4.0,,
40,20,TT,1017,1073,,1023,0.13,3.07,5.5,4.0,7.5,9.0,1.0,1.0,0.0,6.0,,
40,20,TT,1017,1073,,1024,0.24,2.25,5.0,10.0,4.0,11.0,0.0,1.0,0.0,4.0,,
40,20,TT,1017,1073,,1025,0.25,0.25,,14.0,,9.0,,1.0,,47.0,,
40,20,TT,1017,1073,,1026,0.25,1.25,5.0,3.0,9.0,8.0,0.0,0.0,0.0,0.0,,
40,20,TT,1017,1073,,1027,0.25,3.25,,7.0,,9.0,,1.0,,2.0,,
40,20,TT,1017,1073,,1028,0.25,4.25,6.0,5.0,8.0,8.0,0.0,0.0,0.0,0.0,,
40,20,TT,1017,1073,,1029,0.28,1.19,5.0,3.0,10.0,7.0,1.0,1.0,0.0,5.0,,
40,20,TT,1017,1073,,1030,0.29,3.85,3.0,3.0,3.0,5.0,0.0,0.0,0.0,0.0,,
40,20,TT,1017,1073,,1031,0.5,4.64,4.5,4.0,5.0,9.0,0.0,0.0,0.0,0.0,,
40,20,TT,1017,1073,,1032,0.51,4.89,10.0,10.0,17.0,7.0,1.0,1.0,0.0,17.0,,
40,20,TT,1017,1073,,1033,0.53,3.01,7.5,10.0,12.0,11.0,1.0,1.0,0.0,7.0,,
40,20,TT,1017,1073,,1034,0.56,2.86,,6.0,,10.0,,1.0,,7.0,,
40,20,TT,1017,1073,,1035,0.66,3.36,4.5,5.0,10.0,10.0,0.0,1.0,0.0,3.0,,
40,20,TT,1017,1073,,1036,0.74,2.36,4.0,4.0,6.5,8.0,0.0,0.0,0.0,0.0,,
40,20,TT,1017,1073,,1037,0.75,0.75,,7.8,,13.0,,1.0,,4.0,,
40,20,TT,1017,1073,,1038,0.75,1.75,,9.8,,13.0,,1.0,,5.0,,
40,20,TT,1017,1073,,1039,0.75,2.75,6.0,3.0,9.0,7.0,0.0,0.0,0.0,0.0,,
40,20,TT,1017,1073,,1040,0.75,3.46,7.0,8.0,11.0,13.0,1.0,1.0,0.0,13.0,,
40,20,TT,1017,1073,,1041,0.75,3.75,5.0,3.0,3.0,6.0,0.0,0.0,0.0,0.0,,
40,20,TT,1017,1073,,1042,0.75,4.75,,9.0,,12.0,,0.0,,0.0,,
40,20,TT,1017,1073,,1043,0.79,3.95,,1.0,,5.0,,0.0,,0.0,,
40,20,TT,1017,1073,,1044,0.83,1.15,9.0,15.0,15.0,14.0,1.0,1.0,0.0,30.0,,
Recorded By,,,,,,,,,,,,,,,,,,
Date,,,,,,,,,,,,,,,,,,
